employee_id,name,phone,department
EMP001,Allison Hill,321.581.9600,Finance
EMP002,Lance Hoffman,001-486-537-9402x654,Finance
EMP003,Gabrielle Davis,855-394-0781,Operations
EMP004,Sandra Montgomery,(993)710-3413x164,Procurement
EMP005,Henry Santiago,001-719-228-3276x483,Procurement
EMP006,Andrew Stewart,513-695-3767x242,Procurement
EMP007,Jessica Silva,(332)887-1012x269,Finance
EMP008,Zachary Rice,+1-401-984-5146,Sales
EMP009,Nathan Cortez,728.914.8932x52880,Finance
EMP010,Timothy Koch,430-639-1171x8227,Sales
EMP011,Lisa Brandt,+1-534-565-7871,IT
EMP012,Alex Spencer,001-330-510-3105,Finance
EMP013,John Ryan,001-899-973-7631x1656,Finance
EMP014,Amy Valdez,+1-410-665-1333x8726,Finance
EMP015,Shannon Jones,+1-910-980-1326,Procurement
EMP016,James Brown,(206)247-4687x2343,Procurement
EMP017,Amy Silva,582.208.1219x13619,Sales
EMP018,Jennifer Silva,954.335.3462x47510,Sales
EMP019,Daniel Baker,(613)354-2784x980,Finance
EMP020,Brandy Wilson,682-944-9353,Sales
