invoice_id,gnn_risk_score,gnn_prediction
INV0001,0.000141253272886388,0
INV0002,0.00934973917901516,0
INV0003,8.563722647680905e-12,0
INV0004,1.1940411333288825e-11,0
INV0005,0.0060028498992323875,0
INV0006,4.443822660959995e-07,0
INV0007,0.04895448684692383,0
INV0008,0.00307152746245265,0
INV0009,7.332381937885657e-05,0
INV0010,0.004040947649627924,0
INV0011,4.558859245662461e-08,0
INV0012,4.0382520753475383e-17,0
INV0013,1.8190570577614196e-11,0
INV0014,7.707323675276712e-05,0
INV0015,0.8975939750671387,1
INV0016,3.672871073945316e-08,0
INV0017,8.890827274399271e-08,0
INV0018,2.6917517104152466e-08,0
INV0019,1.8125207281241562e-12,0
INV0020,2.915530785685405e-05,0
INV0021,1.2894695373688592e-06,0
INV0022,0.014449970796704292,0
INV0023,1.3011773949966887e-11,0
INV0024,5.4729207683802336e-14,0
INV0025,4.0255637907306296e-13,0
INV0026,5.283806725486784e-10,0
INV0027,1.2675342546397683e-12,0
INV0028,0.00026042768149636686,0
INV0029,9.50632784224581e-06,0
INV0030,3.811981654812391e-13,0
INV0031,0.004475891124457121,0
INV0032,1.958920620381832e-06,0
INV0033,0.9936138987541199,1
INV0034,1.0449754066818616e-18,0
INV0035,1.6995942431208277e-08,0
INV0036,7.176291774158017e-07,0
INV0037,0.0027806616853922606,0
INV0038,0.007588314823806286,0
INV0039,7.413136415834742e-08,0
INV0040,3.7676372438566474e-12,0
INV0041,4.2474943701131807e-11,0
INV0042,0.002753929700702429,0
INV0043,3.209228452760726e-05,0
INV0044,4.911011728836456e-06,0
INV0045,5.511121344170533e-06,0
INV0046,7.196294254940838e-11,0
INV0047,3.276202733104583e-06,0
INV0048,4.5642464101547375e-06,0
INV0049,2.7468178329242264e-18,0
INV0050,5.078177127870731e-05,0
INV0051,9.717002593181978e-13,0
INV0052,0.9994408488273621,1
INV0053,7.565486612293171e-06,0
INV0054,1.0022051633029605e-08,0
INV0055,1.7457776890772436e-10,0
INV0056,7.960016534802605e-10,0
INV0057,8.560500100245164e-17,0
INV0058,0.9995162487030029,1
INV0059,0.9977638721466064,1
INV0060,0.9999997615814209,1
INV0061,4.339568634992297e-12,0
INV0062,1.6352398601870988e-10,0
INV0063,0.04542911425232887,0
INV0064,7.595664541781844e-09,0
INV0065,0.0004736908886115998,0
INV0066,0.00033115106634795666,0
INV0067,6.09732140333108e-08,0
INV0068,0.9987050294876099,1
INV0069,3.4882471910968604e-11,0
INV0070,1.6364138932800643e-09,0
INV0071,1.0157249797108567e-14,0
INV0072,4.766920937981922e-07,0
INV0073,0.0005530859343707561,0
INV0074,7.469989071751115e-10,0
INV0075,1.5495673676629374e-17,0
INV0076,1.904054336421268e-08,0
INV0077,7.181575711001642e-06,0
INV0078,0.022183991968631744,0
INV0079,0.0008019720553420484,0
INV0080,0.000438808900071308,0
INV0081,2.6430181827852284e-12,0
INV0082,0.004756914917379618,0
INV0083,6.166718958411366e-05,0
INV0084,1.529885958007071e-05,0
INV0085,0.00199917727150023,0
INV0086,2.8375601868191325e-10,0
INV0087,6.897769607285085e-15,0
INV0088,1.3069977455870685e-07,0
INV0089,4.087890556547791e-05,0
INV0090,9.625045443821534e-14,0
INV0091,3.618348991333816e-16,0
INV0092,3.3449086345171963e-07,0
INV0093,1.8940452233950217e-13,0
INV0094,6.644953828072175e-05,0
INV0095,1.9678059182126617e-09,0
INV0096,0.011215491220355034,0
INV0097,0.020827602595090866,0
INV0098,2.372203880440793e-06,0
INV0099,4.991451874047925e-08,0
INV0100,0.019944878295063972,0
INV0101,3.261229480910899e-11,0
INV0102,2.798049769311972e-12,0
INV0103,3.0402272386709228e-05,0
INV0104,1.3423358019744314e-14,0
INV0105,7.309239435926429e-08,0
INV0106,0.20543119311332703,0
INV0107,1.9029040743134829e-07,0
INV0108,1.5114995301386547e-13,0
INV0109,2.240875583004179e-28,0
INV0110,2.906564691620289e-13,0
INV0111,1.928611621532933e-13,0
INV0112,3.824869240776074e-11,0
INV0113,2.2325173654191843e-10,0
INV0114,3.669709940368193e-06,0
INV0115,9.98925679596141e-06,0
INV0116,0.0004436956951394677,0
INV0117,1.2776059676617314e-14,0
INV0118,6.713549737469293e-06,0
INV0119,0.01643257774412632,0
INV0120,4.0428863030683715e-06,0
INV0121,3.138596866847365e-07,0
INV0122,1.8675496262290925e-13,0
INV0123,0.0009435994434170425,0
INV0124,8.37900068610415e-15,0
INV0125,2.8245071720682437e-15,0
INV0126,1.4335522786972351e-33,0
INV0127,4.6342893984685677e-20,0
INV0128,0.00015792295744176954,0
INV0129,2.0747425045347656e-12,0
INV0130,1.4100696610341856e-08,0
INV0131,4.0799702105687174e-07,0
INV0132,6.920492282534718e-14,0
INV0133,2.4686948433871062e-24,0
INV0134,1.4524936204907135e-06,0
INV0135,1.0718515113694593e-05,0
INV0136,4.1016605223376246e-08,0
INV0137,0.004752253647893667,0
INV0138,1.7489381054502928e-09,0
INV0139,5.442070794003939e-09,0
INV0140,1.9254845114169417e-12,0
INV0141,0.011791770346462727,0
INV0142,6.236484553207209e-17,0
INV0143,1.3062664283580716e-09,0
INV0144,3.267500405987854e-14,0
INV0145,7.985083357198164e-05,0
INV0146,4.172212297870459e-10,0
INV0147,0.9973987340927124,1
INV0148,0.000551715842448175,0
INV0149,3.8328093476813763e-10,0
INV0150,1.3123698794359484e-09,0
INV0151,4.4754949612979544e-07,0
INV0152,3.057924459426431e-06,0
INV0153,1.9314013570692623e-06,0
INV0154,8.937854545365553e-06,0
INV0155,2.415154298773814e-08,0
INV0156,6.117728480603546e-05,0
INV0157,1.1255463505221996e-05,0
INV0158,1.3846248521076632e-06,0
INV0159,0.9951062202453613,1
INV0160,5.637277866732404e-10,0
INV0161,1.4352949619933497e-06,0
INV0162,8.984505257103592e-05,0
INV0163,9.444903347038936e-16,0
INV0164,8.591373396517302e-19,0
INV0165,1.6212085029110312e-05,0
INV0166,4.75352984174982e-15,0
INV0167,1.789148444765193e-18,0
INV0168,0.012805061414837837,0
INV0169,1.0586702625658972e-09,0
INV0170,2.4572142573205515e-16,0
INV0171,0.9540892243385315,1
INV0172,6.829619877447846e-14,0
INV0173,1.380540990126276e-15,0
INV0174,3.0492490168398945e-06,0
INV0175,0.0001508578279754147,0
INV0176,6.996783152857233e-10,0
INV0177,0.0016406617360189557,0
INV0178,5.51639871559928e-08,0
INV0179,2.7972546154386713e-12,0
INV0180,8.553914683778058e-15,0
INV0181,2.574555499346154e-11,0
INV0182,7.729724529781379e-06,0
INV0183,2.4232167561422102e-06,0
INV0184,2.3574744378862533e-09,0
INV0185,3.141024308206397e-06,0
INV0186,0.0011341727804392576,0
INV0187,6.843538926659676e-07,0
INV0188,0.0003295329515822232,0
INV0189,6.304708932702852e-08,0
INV0190,3.707066392136943e-13,0
INV0191,4.616684423018722e-18,0
INV0192,1.604002335398036e-07,0
INV0193,7.97306711319834e-07,0
INV0194,2.994121010152506e-12,0
INV0195,0.9981326460838318,1
INV0196,7.68098895576573e-14,0
INV0197,1.9471310963581345e-07,0
INV0198,2.3116153435864817e-10,0
INV0199,1.3964184290671255e-05,0
INV0200,0.9998435974121094,1
INV0201,9.33749966236519e-09,0
INV0202,3.5343869058124255e-06,0
INV0203,3.384546653251164e-05,0
INV0204,7.794508860570204e-07,0
INV0205,0.0005960912676528096,0
INV0206,3.5393459358534735e-24,0
INV0207,0.0007609059102833271,0
INV0208,9.893590910162462e-19,0
INV0209,1.2006067340531107e-15,0
INV0210,2.6218522524486948e-14,0
INV0211,2.418086576173764e-15,0
INV0212,0.0005346271209418774,0
INV0213,1.9055131588174845e-06,0
INV0214,2.7381326372921677e-12,0
INV0215,0.006541586015373468,0
INV0216,6.487908416498417e-18,0
INV0217,0.9998610019683838,1
INV0218,0.9988059997558594,1
INV0219,6.841837096871473e-10,0
INV0220,1.026964218908688e-05,0
INV0221,1.1168305036335369e-07,0
INV0222,2.468880028926369e-19,0
INV0223,0.9999957084655762,1
INV0224,3.9279135499725726e-12,0
INV0225,1.2017519424034617e-08,0
INV0226,1.0689438667554896e-08,0
INV0227,5.623522543481734e-17,0
INV0228,0.9949389696121216,1
INV0229,5.549638439766857e-13,0
INV0230,0.9991455078125,1
INV0231,2.2884145437274128e-05,0
INV0232,5.6834263517657746e-08,0
INV0233,1.265492599600293e-09,0
INV0234,6.2479462030751165e-06,0
INV0235,0.9981385469436646,1
INV0236,6.45627721951314e-07,0
INV0237,8.470845358488077e-09,0
INV0238,1.5827349386654532e-07,0
INV0239,4.0683684687792265e-07,0
INV0240,2.5220455132407733e-14,0
INV0241,7.010348213043471e-08,0
INV0242,0.005828385706990957,0
INV0243,3.6837084493868133e-09,0
INV0244,4.0490530039960504e-08,0
INV0245,6.1511931368642524e-31,0
INV0246,0.0003888844221364707,0
INV0247,0.025404978543519974,0
INV0248,7.379756553502963e-16,0
INV0249,0.0001494041207479313,0
INV0250,2.676996473383042e-06,0
INV0251,1.666629032115452e-05,0
INV0252,4.606003512624968e-12,0
INV0253,0.0002745630335994065,0
INV0254,2.0304827264006065e-10,0
INV0255,1.3580779729960302e-11,0
INV0256,0.0006754339556209743,0
INV0257,0.0004895910387858748,0
INV0258,1.5789227564289021e-12,0
INV0259,0.0008146751788444817,0
INV0260,0.0008724556537345052,0
INV0261,5.801504812552594e-06,0
INV0262,9.396780242809655e-09,0
INV0263,1.350547976980475e-15,0
INV0264,4.996175348437326e-12,0
INV0265,0.0018756354693323374,0
INV0266,8.600012080250963e-08,0
INV0267,1.3574681378969444e-09,0
INV0268,2.983562064073908e-09,0
INV0269,2.352782030006352e-15,0
INV0270,3.2747020156306816e-13,0
INV0271,1.123194275421172e-15,0
INV0272,3.3899073059728835e-06,0
INV0273,2.5873941877918583e-11,0
INV0274,0.010835627093911171,0
INV0275,0.9988449811935425,1
INV0276,6.954092413025137e-09,0
INV0277,6.182887591421604e-05,0
INV0278,0.010127710178494453,0
INV0279,0.0008356116595678031,0
INV0280,1.4937762138345079e-09,0
INV0281,6.121103979239706e-07,0
INV0282,1.7752238481300031e-12,0
INV0283,2.877674498431154e-14,0
INV0284,1.1894891809808433e-13,0
INV0285,0.0005749955307692289,0
INV0286,3.2617983379168436e-05,0
INV0287,0.0018557311268523335,0
INV0288,1.114736824092688e-05,0
INV0289,6.090364879085541e-10,0
INV0290,2.150663802373584e-17,0
INV0291,6.77911893287586e-11,0
INV0292,1.3041897810591858e-17,0
INV0293,2.2468193972002837e-10,0
INV0294,3.1928131464926583e-18,0
INV0295,1.5241682831401704e-06,0
INV0296,1.120562416190296e-07,0
INV0297,2.2437382978305796e-23,0
INV0298,9.405439413967542e-06,0
INV0299,4.711310899489765e-20,0
INV0300,0.0007485017413273454,0
INV0301,6.461373320068575e-13,0
INV0302,0.012899181805551052,0
INV0303,0.0036286197137087584,0
INV0304,2.3617810995801847e-07,0
INV0305,5.973809122668818e-21,0
INV0306,0.0022383725736290216,0
INV0307,0.0014240803429856896,0
INV0308,3.0972885269875405e-06,0
INV0309,0.0036826496943831444,0
INV0310,4.981570128032961e-19,0
INV0311,0.00038459463394246995,0
INV0312,7.977189852681477e-06,0
INV0313,9.642848226576461e-07,0
INV0314,9.71281540439184e-13,0
INV0315,0.00028689290047623217,0
INV0316,1.7115972923420486e-06,0
INV0317,4.413453098095488e-06,0
INV0318,6.781705058633847e-11,0
INV0319,7.894039981692913e-07,0
INV0320,6.907946226419881e-05,0
INV0321,3.076949360547587e-05,0
INV0322,0.9995484948158264,1
INV0323,0.9987288117408752,1
INV0324,0.9973594546318054,1
INV0325,0.00013857704470865428,0
INV0326,1.3593291825486631e-08,0
INV0327,5.367068567352362e-09,0
INV0328,1.604517074760281e-10,0
INV0329,6.952927122260864e-16,0
INV0330,1.8848979834729107e-06,0
INV0331,8.028813454075134e-07,0
INV0332,0.003642534138634801,0
INV0333,3.273509040663483e-17,0
INV0334,0.0001302986784139648,0
INV0335,1.847001129817727e-08,0
INV0336,3.4259792300872505e-06,0
INV0337,2.072778754191873e-10,0
INV0338,0.003750820644199848,0
INV0339,2.5706835850281256e-15,0
INV0340,7.770213414914906e-05,0
INV0341,0.010300228372216225,0
INV0342,0.00044545953278429806,0
INV0343,0.0009862573351711035,0
INV0344,8.386499757762067e-06,0
INV0345,1.5565927924399148e-07,0
INV0346,3.788864205489517e-06,0
INV0347,4.676740900322329e-06,0
INV0348,2.7314312270321217e-11,0
INV0349,8.009727325841709e-10,0
INV0350,9.578643656027452e-09,0
INV0351,0.0001479405618738383,0
INV0352,1.4693847333546728e-05,0
INV0353,5.322740026514339e-10,0
INV0354,2.5230850742019584e-10,0
INV0355,1.2520247594238754e-07,0
INV0356,2.4308816780311557e-19,0
INV0357,7.947750901848849e-08,0
INV0358,1.5721981583283196e-07,0
INV0359,0.9989789724349976,1
INV0360,3.05694411508739e-05,0
INV0361,1.2070348054393776e-09,0
INV0362,0.0055160135962069035,0
INV0363,2.7364276887183528e-14,0
INV0364,0.0031839802395552397,0
INV0365,2.5032451111961507e-10,0
INV0366,0.004223866853863001,0
INV0367,7.010043934219112e-11,0
INV0368,9.219303365171072e-07,0
INV0369,2.115006433878186e-11,0
INV0370,2.490904704721686e-10,0
INV0371,3.4345401522806185e-11,0
INV0372,0.0077114044688642025,0
INV0373,7.831965759502275e-20,0
INV0374,3.618589260699634e-13,0
INV0375,0.0003739572421181947,0
INV0376,0.010304137133061886,0
INV0377,8.54310327187177e-19,0
INV0378,0.022160977125167847,0
INV0379,0.002144493628293276,0
INV0380,0.04611280560493469,0
INV0381,1.7090102357633512e-17,0
INV0382,6.633253360632807e-05,0
INV0383,2.9333550699561783e-08,0
INV0384,8.888209868348462e-17,0
INV0385,1.5264547438553766e-13,0
INV0386,1.9995397698702178e-11,0
INV0387,1.1787528418627513e-12,0
INV0388,0.001380238332785666,0
INV0389,0.0008076694793999195,0
INV0390,4.4161126311337284e-07,0
INV0391,0.004365865141153336,0
INV0392,9.038393181981519e-05,0
INV0393,2.9242885446478795e-08,0
INV0394,8.065995871220366e-09,0
INV0395,4.935285460305749e-07,0
INV0396,6.729397312825458e-13,0
INV0397,1.9732498890464347e-26,0
INV0398,1.0227390703221317e-06,0
INV0399,7.51724460457126e-09,0
INV0400,2.608525839775666e-09,0
INV0401,0.006227581296116114,0
INV0402,2.088746064998759e-09,0
INV0403,1.2220185752198631e-08,0
INV0404,2.4793405373202404e-06,0
INV0405,6.020506142234705e-12,0
INV0406,0.9995555281639099,1
INV0407,3.9140947427629413e-11,0
INV0408,1.368021003145259e-07,0
INV0409,3.9027059361984584e-10,0
INV0410,0.4806947112083435,0
INV0411,0.9995809197425842,1
INV0412,2.1336174493846727e-10,0
INV0413,1.4351507527178675e-17,0
INV0414,0.00023301586043089628,0
INV0415,1.1643647823689207e-08,0
INV0416,5.1554206237369726e-08,0
INV0417,0.0010911620920524001,0
INV0418,8.616186823928729e-05,0
INV0419,2.193099722897106e-16,0
INV0420,6.507940887579e-13,0
INV0421,2.19987050797954e-08,0
INV0422,1.008171590655138e-08,0
INV0423,0.017547281458973885,0
INV0424,1.1557040879850433e-09,0
INV0425,0.00029721768805757165,0
INV0426,7.39550620471487e-17,0
INV0427,5.5856333447401596e-11,0
INV0428,0.003895946079865098,0
INV0429,1.4720794583311658e-09,0
INV0430,2.784847988334966e-14,0
INV0431,0.0009150268160738051,0
INV0432,2.8608196771529038e-06,0
INV0433,2.4252193135676503e-14,0
INV0434,0.0026829128619283438,0
INV0435,0.8310142755508423,1
INV0436,6.104101599180289e-13,0
INV0437,5.93669369663985e-07,0
INV0438,3.807354369200766e-05,0
INV0439,0.010522113181650639,0
INV0440,5.1502994577456995e-12,0
INV0441,4.753397120360603e-10,0
INV0442,2.450118073368806e-17,0
INV0443,5.052952685175721e-14,0
INV0444,3.4545288721613e-13,0
INV0445,0.0001182488922495395,0
INV0446,0.030319442972540855,0
INV0447,1.0620543662298587e-06,0
INV0448,2.7871238303389667e-13,0
INV0449,0.01924808882176876,0
INV0450,5.6600457654099046e-09,0
INV0451,0.00029326853109523654,0
INV0452,1.357037149318785e-07,0
INV0453,4.5833183168891845e-14,0
INV0454,0.06396884471178055,0
INV0455,6.429207498006477e-15,0
INV0456,5.1057854761893395e-06,0
INV0457,2.2396790200218675e-07,0
INV0458,3.681252565002069e-07,0
INV0459,0.0011327421525493264,0
INV0460,0.027178319171071053,0
INV0461,0.008297387510538101,0
INV0462,0.0033083162270486355,0
INV0463,2.9649632779182866e-05,0
INV0464,2.907343810143459e-11,0
INV0465,3.4369371348930144e-08,0
INV0466,0.001579499919898808,0
INV0467,0.05257344990968704,0
INV0468,8.526472861092316e-10,0
INV0469,1.2229294996373569e-13,0
INV0470,0.9979451298713684,1
INV0471,1.4160043804167799e-08,0
INV0472,8.214846616283467e-07,0
INV0473,9.392057173217977e-15,0
INV0474,0.00026853097369894385,0
INV0475,4.856936357100494e-06,0
INV0476,5.550962356437594e-09,0
INV0477,4.693706046055013e-08,0
INV0478,2.3020831943081137e-19,0
INV0479,3.8707616755936924e-14,0
INV0480,0.03636621683835983,0
INV0481,0.31664416193962097,0
INV0482,0.9738600254058838,1
INV0483,3.84156635391264e-08,0
INV0484,1.3971856787975412e-05,0
INV0485,1.0989413936278571e-18,0
INV0486,2.4846685846569017e-06,0
INV0487,0.00019545559189282358,0
INV0488,2.3447444874591383e-08,0
INV0489,0.002871271688491106,0
INV0490,0.0003483625769149512,0
INV0491,8.33063677418977e-06,0
INV0492,3.804752850555815e-06,0
INV0493,5.248473371466389e-06,0
INV0494,0.1601581871509552,0
INV0495,1.4555206462318893e-06,0
INV0496,0.0003385886375326663,0
INV0497,8.705685478060943e-12,0
INV0498,9.825789959450049e-09,0
INV0499,0.9948137998580933,1
INV0500,3.98845222662203e-05,0
INV0501,1.122963718664833e-21,0
INV0502,6.204276701282652e-07,0
INV0503,1.658767383584578e-19,0
INV0504,7.208324603880101e-08,0
INV0505,4.041291035150607e-08,0
INV0506,8.943678614992798e-18,0
INV0507,4.3516618260242e-12,0
INV0508,5.041605355415868e-09,0
INV0509,1.376020743746112e-13,0
INV0510,4.221604103804566e-05,0
INV0511,0.007740770000964403,0
INV0512,0.9999105930328369,1
INV0513,4.388480551176244e-11,0
INV0514,4.2873916222818664e-12,0
INV0515,4.309294467930158e-07,0
INV0516,5.491437718521722e-22,0
INV0517,0.00017566431779414415,0
INV0518,3.0586872010879285e-13,0
INV0519,2.777017634605721e-15,0
INV0520,7.169687760155696e-11,0
INV0521,4.5454549846279946e-11,0
INV0522,6.269216526797296e-15,0
INV0523,2.1855992571317984e-09,0
INV0524,1.656296944929636e-06,0
INV0525,3.3136535648736754e-07,0
INV0526,1.634582497567899e-13,0
INV0527,8.74861467992094e-12,0
INV0528,1.4782564113980764e-19,0
INV0529,0.37526941299438477,0
INV0530,2.9077309591230005e-06,0
INV0531,1.0872096822822641e-07,0
INV0532,2.0450424926821142e-06,0
INV0533,1.7622277255213703e-06,0
INV0534,1.6116073753291715e-11,0
INV0535,1.359770607223254e-07,0
INV0536,1.3955123515096979e-11,0
INV0537,1.6825418924781843e-06,0
INV0538,3.924618442729955e-12,0
INV0539,2.6176787741860608e-06,0
INV0540,2.539869683459983e-07,0
INV0541,3.4238975277403457e-19,0
INV0542,0.008841532282531261,0
INV0543,1.1430165404528172e-15,0
INV0544,9.60730994847836e-06,0
INV0545,9.857926919210058e-09,0
INV0546,1.4119784736976726e-06,0
INV0547,4.7862052099389985e-09,0
INV0548,8.394388733656919e-15,0
INV0549,0.004283637274056673,0
INV0550,0.0002754676388576627,0
INV0551,0.0041295066475868225,0
INV0552,8.850753463462979e-10,0
INV0553,4.902822752228531e-07,0
INV0554,0.0006616876344196498,0
INV0555,1.684696599113522e-06,0
INV0556,0.012641401030123234,0
INV0557,2.6221714036211985e-11,0
INV0558,1.0751374233204497e-23,0
INV0559,4.027962674513219e-08,0
INV0560,1.1169299796165433e-05,0
INV0561,1.0060779363101973e-19,0
INV0562,1.257830506418145e-09,0
INV0563,2.4654948447278002e-06,0
INV0564,1.988483532683351e-26,0
INV0565,0.00027503224555402994,0
INV0566,1.7724518183457116e-32,0
INV0567,1.6525669721545455e-13,0
INV0568,1.86621256642594e-11,0
INV0569,2.676816990287989e-08,0
INV0570,1.0,1
INV0571,0.00011278458259766921,0
INV0572,9.105895482086623e-10,0
INV0573,0.00026660950970835984,0
INV0574,1.1953783740636936e-08,0
INV0575,1.1548564507415748e-19,0
INV0576,4.449491071102033e-16,0
INV0577,0.01132132951170206,0
INV0578,2.3427327633385175e-08,0
INV0579,0.00012547633377835155,0
INV0580,1.6954755741732663e-12,0
INV0581,0.9970608353614807,1
INV0582,6.63689000530763e-29,0
INV0583,1.6152757950638197e-11,0
INV0584,1.6651132028755455e-08,0
INV0585,2.0491498775587758e-10,0
INV0586,0.0006022927700541914,0
INV0587,0.0007283754530362785,0
INV0588,1.8894459330454083e-08,0
INV0589,7.58619833618468e-08,0
INV0590,1.8167528570943448e-13,0
INV0591,1.1253940890298963e-08,0
INV0592,7.146355035514418e-11,0
INV0593,1.8646199489051943e-17,0
INV0594,0.9997881054878235,1
INV0595,0.9990729093551636,1
INV0596,5.123969692988339e-09,0
INV0597,0.0002915712248068303,0
INV0598,3.8899193896213546e-05,0
INV0599,0.9999533891677856,1
INV0600,3.720807273399629e-10,0
INV0601,1.2736199096252676e-05,0
INV0602,3.183884473401122e-05,0
INV0603,1.4346162060974166e-05,0
INV0604,3.841306988943563e-17,0
INV0605,3.619832833411547e-20,0
INV0606,1.5474706477162925e-13,0
INV0607,0.0008098651305772364,0
INV0608,0.0002078709949273616,0
INV0609,5.8492209973337594e-06,0
INV0610,5.926364678998652e-07,0
INV0611,8.543318670026396e-22,0
INV0612,9.580291049360312e-08,0
INV0613,1.6708480927670948e-17,0
INV0614,1.1238635124755092e-06,0
INV0615,3.1018057455867165e-08,0
INV0616,8.52921605006907e-15,0
INV0617,8.184225589502603e-05,0
INV0618,4.7327328998762366e-18,0
INV0619,3.0839608200494695e-08,0
INV0620,6.751764885848388e-05,0
INV0621,2.6634338610165287e-06,0
INV0622,5.206165042181965e-06,0
INV0623,2.1152759543952016e-08,0
INV0624,7.315720837279549e-13,0
INV0625,2.2244940726448006e-16,0
INV0626,0.0009589114342816174,0
INV0627,0.00017593604570720345,0
INV0628,5.397763743530959e-06,0
INV0629,0.000128740823129192,0
INV0630,0.9980328679084778,1
INV0631,4.211264149900362e-12,0
INV0632,2.3263837823370506e-14,0
INV0633,7.768503895722034e-11,0
INV0634,2.173353550460888e-06,0
INV0635,0.0001149698655353859,0
INV0636,8.620293714955984e-12,0
INV0637,1.1899976559703873e-09,0
INV0638,1.1096171981250791e-08,0
INV0639,1.7301584316122494e-17,0
INV0640,0.00022928317775949836,0
INV0641,4.094055389841644e-12,0
INV0642,0.0004849727265536785,0
INV0643,2.4220376872108318e-05,0
INV0644,1.7551212039279562e-08,0
INV0645,0.0008732503629289567,0
INV0646,1.4529160097254135e-09,0
INV0647,0.00010765350452857092,0
INV0648,4.071993231491433e-08,0
INV0649,8.074858004469831e-10,0
INV0650,1.0388260347424239e-12,0
INV0651,0.9991138577461243,1
INV0652,0.9981385469436646,1
INV0653,0.9936138987541199,1
INV0654,0.9973594546318054,1
INV0655,0.9991194605827332,1
INV0656,0.9989879727363586,1
INV0657,0.999818742275238,1
INV0658,0.9998610019683838,1
INV0659,0.9970608353614807,1
INV0660,0.9986881613731384,1
INV0661,0.998388409614563,1
INV0662,0.9999421834945679,1
INV0663,0.9995555281639099,1
INV0664,0.9979451298713684,1
INV0665,0.9971891045570374,1
INV0666,1.1800248075227206e-14,0
INV0667,0.0018359317909926176,0
INV0668,2.8851691240561195e-06,0
INV0669,9.188679819197715e-14,0
INV0670,4.186315194238538e-13,0
INV0671,2.1444747832968097e-13,0
INV0672,7.55957074716207e-10,0
INV0673,1.5666255421820097e-05,0
INV0674,3.1401884825754678e-06,0
INV0675,3.721329733252787e-07,0
INV0676,3.076337017258454e-18,0
INV0677,1.270050416831564e-13,0
INV0678,0.9999891519546509,1
INV0679,8.932622222346254e-06,0
INV0680,5.702334898759556e-14,0
