po_id,vendor_id,amount,item_category,date,created_by_employee_id,approved_by_employee_id,payment_terms
PO0001,VEN013,6499.85,Catering,2025-04-25,EMP095,EMP036,Net 30
PO0002,VEN280,10837.08,Cleaning Services,2025-04-15,EMP012,EMP076,Net 15
PO0003,VEN112,15249.46,Software Licensing,2025-04-06,EMP030,EMP065,Net 30
PO0004,VEN215,14937.01,Logistics,2026-07-13,EMP029,EMP058,Net 15
PO0005,VEN217,4309.25,Office Supplies,2025-06-13,EMP044,EMP036,Net 45
PO0006,VEN048,9294.99,Catering,2025-04-15,EMP049,EMP013,Net 45
PO0007,VEN023,13637.59,Printing & Packaging,2025-09-28,EMP094,EMP059,Net 60
PO0008,VEN283,15653.73,Cleaning Services,2025-03-22,EMP038,EMP081,Net 45
PO0009,VEN099,1622.7,Office Supplies,2026-08-15,EMP091,EMP009,Net 30
PO0010,VEN041,9813.09,Software Licensing,2025-10-24,EMP030,EMP013,Net 60
PO0011,VEN084,5632.92,Office Supplies,2026-01-09,EMP048,EMP046,Net 45
PO0012,VEN088,6497.87,Cleaning Services,2025-03-15,EMP069,EMP094,Net 60
PO0013,VEN139,14145.27,IT Hardware,2026-01-24,EMP082,EMP089,Net 45
PO0014,VEN118,10328.54,Catering,2025-02-27,EMP005,EMP041,Net 15
PO0015,VEN291,5709.35,Catering,2025-08-05,EMP092,EMP041,Net 60
PO0016,VEN235,3920.94,Printing & Packaging,2026-02-10,EMP019,EMP034,Net 45
PO0017,VEN220,9368.91,IT Hardware,2026-08-22,EMP075,EMP052,Net 30
PO0018,VEN253,1654.35,Software Licensing,2026-06-06,EMP012,EMP097,Net 15
PO0019,VEN082,15112.02,Software Licensing,2025-06-06,EMP088,EMP055,Net 60
PO0020,VEN240,24291.42,IT Hardware,2026-01-26,EMP068,EMP033,Net 15
PO0021,VEN275,19330.67,Software Licensing,2025-04-28,EMP097,EMP035,Net 45
PO0022,VEN151,11616.23,Cleaning Services,2025-04-25,EMP056,EMP021,Net 45
PO0023,VEN092,21827.7,Logistics,2026-05-28,EMP065,EMP014,Net 45
PO0024,VEN102,19181.51,Cleaning Services,2026-06-04,EMP020,EMP048,Net 15
PO0025,VEN251,23262.92,Software Licensing,2025-11-28,EMP003,EMP015,Net 45
PO0026,VEN030,23700.26,Cleaning Services,2025-09-03,EMP031,EMP073,Net 15
PO0027,VEN036,19262.94,Office Supplies,2026-05-13,EMP098,EMP069,Net 30
PO0028,VEN282,13428.01,Cleaning Services,2026-05-02,EMP022,EMP034,Net 60
PO0029,VEN277,17401.76,Printing & Packaging,2025-08-05,EMP097,EMP094,Net 45
PO0030,VEN192,11561.41,Printing & Packaging,2026-02-13,EMP057,EMP067,Net 30
PO0031,VEN033,14913.56,Catering,2025-08-19,EMP044,EMP003,Net 30
PO0032,VEN004,15962.02,Cleaning Services,2025-08-14,EMP010,EMP091,Net 30
PO0033,VEN017,13096.82,Logistics,2025-03-11,EMP043,EMP010,Net 45
PO0034,VEN110,18222.14,Printing & Packaging,2026-05-13,EMP070,EMP017,Net 60
PO0035,VEN243,2810.98,Logistics,2025-09-06,EMP053,EMP025,Net 60
PO0036,VEN217,21664.0,Office Supplies,2025-12-29,EMP053,EMP060,Net 15
PO0037,VEN032,8812.91,Cleaning Services,2025-04-11,EMP052,EMP094,Net 15
PO0038,VEN099,11491.03,Office Supplies,2025-09-12,EMP025,EMP069,Net 60
PO0039,VEN143,21924.91,Office Supplies,2025-07-07,EMP060,EMP032,Net 15
PO0040,VEN282,16477.55,Cleaning Services,2026-03-30,EMP013,EMP007,Net 15
PO0041,VEN122,12398.21,IT Hardware,2025-04-06,EMP022,EMP053,Net 30
PO0042,VEN031,552.81,Logistics,2026-02-15,EMP022,EMP049,Net 60
PO0043,VEN233,17566.49,Catering,2025-09-29,EMP037,EMP055,Net 60
PO0044,VEN098,24233.38,Office Supplies,2025-06-08,EMP038,EMP028,Net 15
PO0045,VEN030,12181.32,Cleaning Services,2025-11-18,EMP007,EMP075,Net 30
PO0046,VEN261,2178.77,Office Supplies,2025-02-28,EMP011,EMP024,Net 15
PO0047,VEN207,6532.28,Catering,2025-08-29,EMP016,EMP073,Net 15
PO0048,VEN215,14348.06,Logistics,2025-03-25,EMP085,EMP075,Net 45
PO0049,VEN105,8197.5,Catering,2025-09-25,EMP086,EMP092,Net 45
PO0050,VEN068,7849.93,Printing & Packaging,2026-02-10,EMP086,EMP083,Net 45
PO0051,VEN005,24962.13,Logistics,2025-03-16,EMP059,EMP080,Net 15
PO0052,VEN276,6997.41,Logistics,2025-03-17,EMP028,EMP065,Net 45
PO0053,VEN126,4364.8,Printing & Packaging,2025-03-12,EMP048,EMP037,Net 45
PO0054,VEN005,7834.78,Logistics,2026-06-26,EMP086,EMP071,Net 15
PO0055,VEN136,18689.21,Printing & Packaging,2025-05-18,EMP015,EMP014,Net 30
PO0056,VEN145,18081.5,Office Supplies,2025-10-06,EMP078,EMP027,Net 30
PO0057,VEN259,22680.74,IT Hardware,2025-09-28,EMP063,EMP033,Net 15
PO0058,VEN217,586.87,Office Supplies,2025-04-05,EMP036,EMP006,Net 30
PO0059,VEN083,14016.17,Printing & Packaging,2025-09-26,EMP095,EMP057,Net 60
PO0060,VEN005,23653.75,Logistics,2026-07-29,EMP015,EMP010,Net 30
PO0061,VEN019,14036.86,Software Licensing,2026-07-13,EMP048,EMP075,Net 60
PO0062,VEN022,22525.05,Catering,2025-05-11,EMP040,EMP047,Net 15
PO0063,VEN108,16839.87,Software Licensing,2026-01-02,EMP088,EMP032,Net 45
PO0064,VEN209,4286.56,IT Hardware,2026-07-28,EMP080,EMP096,Net 30
PO0065,VEN091,4894.34,Software Licensing,2025-06-16,EMP053,EMP004,Net 45
PO0066,VEN128,19790.68,IT Hardware,2026-02-26,EMP035,EMP021,Net 15
PO0067,VEN020,5389.53,Office Supplies,2026-01-27,EMP061,EMP029,Net 60
PO0068,VEN157,1079.78,Office Supplies,2025-12-25,EMP030,EMP029,Net 30
PO0069,VEN169,24188.78,IT Hardware,2026-02-13,EMP036,EMP009,Net 45
PO0070,VEN261,24538.17,Office Supplies,2025-12-26,EMP052,EMP087,Net 45
PO0071,VEN060,14724.45,Catering,2025-01-29,EMP034,EMP023,Net 45
PO0072,VEN056,8969.33,IT Hardware,2025-02-09,EMP077,EMP056,Net 45
PO0073,VEN262,22537.87,Cleaning Services,2026-03-23,EMP015,EMP050,Net 30
PO0074,VEN023,541.44,Printing & Packaging,2025-09-18,EMP091,EMP056,Net 30
PO0075,VEN221,23058.89,Printing & Packaging,2026-01-08,EMP009,EMP086,Net 45
PO0076,VEN154,16838.88,Printing & Packaging,2025-05-08,EMP065,EMP040,Net 45
PO0077,VEN152,5200.08,Printing & Packaging,2026-02-17,EMP071,EMP017,Net 60
PO0078,VEN292,13924.46,Software Licensing,2025-06-28,EMP039,EMP052,Net 15
PO0079,VEN147,19751.09,Software Licensing,2025-11-08,EMP027,EMP056,Net 45
PO0080,VEN227,5735.68,Software Licensing,2026-04-22,EMP057,EMP087,Net 60
PO0081,VEN044,16764.42,Printing & Packaging,2025-06-23,EMP037,EMP066,Net 45
PO0082,VEN121,6003.7,Catering,2025-04-06,EMP087,EMP040,Net 30
PO0083,VEN013,24606.43,Catering,2025-05-31,EMP006,EMP032,Net 15
PO0084,VEN213,5263.66,Cleaning Services,2026-04-12,EMP081,EMP074,Net 60
PO0085,VEN205,16573.42,Printing & Packaging,2026-05-22,EMP032,EMP019,Net 15
PO0086,VEN218,20200.69,Printing & Packaging,2025-04-20,EMP029,EMP023,Net 60
PO0087,VEN286,11683.31,IT Hardware,2025-02-21,EMP032,EMP016,Net 60
PO0088,VEN287,23775.97,Office Supplies,2026-06-28,EMP077,EMP041,Net 60
PO0089,VEN219,22481.6,Software Licensing,2026-06-01,EMP071,EMP058,Net 60
PO0090,VEN133,21076.64,Logistics,2026-04-06,EMP097,EMP032,Net 45
PO0091,VEN249,7227.64,Software Licensing,2026-06-18,EMP081,EMP031,Net 15
PO0092,VEN121,8332.88,Catering,2025-10-20,EMP035,EMP043,Net 15
PO0093,VEN078,17501.77,IT Hardware,2025-05-22,EMP030,EMP050,Net 30
PO0094,VEN213,13793.97,Cleaning Services,2025-03-07,EMP053,EMP043,Net 60
PO0095,VEN106,22668.54,Software Licensing,2025-03-05,EMP054,EMP050,Net 15
PO0096,VEN195,23597.17,Logistics,2026-08-13,EMP062,EMP001,Net 45
PO0097,VEN215,18498.53,Logistics,2026-02-04,EMP069,EMP096,Net 30
PO0098,VEN113,12398.23,IT Hardware,2026-05-15,EMP035,EMP056,Net 60
PO0099,VEN208,21092.39,Office Supplies,2025-12-11,EMP093,EMP022,Net 30
PO0100,VEN014,14327.6,Logistics,2026-07-01,EMP051,EMP076,Net 15
PO0101,VEN220,4952.36,IT Hardware,2025-03-27,EMP018,EMP060,Net 45
PO0102,VEN168,8507.72,Software Licensing,2026-01-24,EMP028,EMP059,Net 60
PO0103,VEN216,12022.52,Logistics,2025-10-12,EMP033,EMP011,Net 15
PO0104,VEN115,19640.21,Office Supplies,2025-12-25,EMP084,EMP009,Net 15
PO0105,VEN127,15722.72,IT Hardware,2025-02-01,EMP026,EMP003,Net 30
PO0106,VEN243,14317.25,Logistics,2025-05-10,EMP086,EMP015,Net 30
PO0107,VEN132,4610.83,Cleaning Services,2026-04-22,EMP099,EMP048,Net 15
PO0108,VEN160,1129.12,Catering,2025-06-17,EMP014,EMP075,Net 45
PO0109,VEN193,5359.08,Logistics,2026-08-13,EMP051,EMP092,Net 30
PO0110,VEN155,20235.44,Office Supplies,2025-04-15,EMP088,EMP077,Net 15
PO0111,VEN273,9578.99,IT Hardware,2025-12-22,EMP055,EMP085,Net 45
PO0112,VEN216,11121.32,Logistics,2025-01-13,EMP063,EMP014,Net 45
PO0113,VEN079,18477.98,IT Hardware,2026-04-16,EMP056,EMP023,Net 45
PO0114,VEN248,20730.5,IT Hardware,2026-07-06,EMP060,EMP056,Net 45
PO0115,VEN126,22099.96,Printing & Packaging,2025-11-27,EMP012,EMP036,Net 30
PO0116,VEN292,9785.24,Software Licensing,2026-04-21,EMP079,EMP086,Net 15
PO0117,VEN167,5696.94,Software Licensing,2026-05-22,EMP024,EMP063,Net 45
PO0118,VEN144,22062.63,Catering,2025-12-15,EMP077,EMP090,Net 15
PO0119,VEN098,18141.83,Office Supplies,2026-06-14,EMP011,EMP031,Net 60
PO0120,VEN124,16324.62,Printing & Packaging,2026-07-23,EMP089,EMP061,Net 60
PO0121,VEN009,5929.11,Logistics,2026-04-04,EMP012,EMP038,Net 30
PO0122,VEN298,14060.09,Logistics,2025-11-10,EMP048,EMP061,Net 45
PO0123,VEN282,17719.95,Cleaning Services,2026-03-12,EMP043,EMP046,Net 45
PO0124,VEN129,18171.47,Software Licensing,2025-11-10,EMP030,EMP016,Net 45
PO0125,VEN275,5036.17,Software Licensing,2025-05-03,EMP098,EMP089,Net 30
PO0126,VEN142,24426.87,Software Licensing,2026-05-11,EMP093,EMP076,Net 45
PO0127,VEN100,9341.59,Logistics,2025-04-13,EMP038,EMP030,Net 45
PO0128,VEN274,1615.13,Office Supplies,2025-01-15,EMP017,EMP036,Net 15
PO0129,VEN150,16127.81,Logistics,2026-07-21,EMP090,EMP017,Net 60
PO0130,VEN007,12000.23,Software Licensing,2025-04-16,EMP074,EMP037,Net 60
PO0131,VEN095,23556.06,Cleaning Services,2025-12-15,EMP007,EMP033,Net 60
PO0132,VEN034,2315.01,Printing & Packaging,2025-04-27,EMP052,EMP063,Net 15
PO0133,VEN077,2586.93,Cleaning Services,2025-06-05,EMP073,EMP039,Net 30
PO0134,VEN286,15354.78,IT Hardware,2025-05-02,EMP098,EMP054,Net 30
PO0135,VEN195,7785.15,Logistics,2026-06-20,EMP058,EMP057,Net 60
PO0136,VEN292,15435.96,Software Licensing,2025-11-09,EMP080,EMP008,Net 15
PO0137,VEN109,2489.09,IT Hardware,2025-08-01,EMP034,EMP085,Net 30
PO0138,VEN283,565.56,Cleaning Services,2025-06-27,EMP010,EMP021,Net 60
PO0139,VEN150,7558.57,Logistics,2026-04-27,EMP005,EMP030,Net 45
PO0140,VEN037,23135.82,Cleaning Services,2026-04-10,EMP088,EMP030,Net 30
PO0141,VEN059,16367.05,Printing & Packaging,2026-03-12,EMP070,EMP029,Net 45
PO0142,VEN037,19919.4,Cleaning Services,2025-05-26,EMP008,EMP022,Net 45
PO0143,VEN064,7950.23,Cleaning Services,2026-03-26,EMP060,EMP089,Net 60
PO0144,VEN257,11225.09,Cleaning Services,2025-10-06,EMP070,EMP064,Net 15
PO0145,VEN166,1133.69,Cleaning Services,2026-03-19,EMP078,EMP033,Net 30
PO0146,VEN011,20624.82,Logistics,2026-08-13,EMP098,EMP087,Net 15
PO0147,VEN241,11334.62,Printing & Packaging,2025-06-29,EMP067,EMP084,Net 45
PO0148,VEN300,20449.0,IT Hardware,2025-07-05,EMP056,EMP082,Net 15
PO0149,VEN179,8365.93,Cleaning Services,2026-04-27,EMP053,EMP043,Net 15
PO0150,VEN169,12638.99,IT Hardware,2025-06-14,EMP053,EMP089,Net 60
PO0151,VEN019,8205.67,Software Licensing,2026-07-18,EMP059,EMP012,Net 45
PO0152,VEN207,16612.68,Catering,2025-04-29,EMP066,EMP001,Net 60
PO0153,VEN028,9363.59,Cleaning Services,2026-02-28,EMP025,EMP067,Net 60
PO0154,VEN027,13955.88,Cleaning Services,2026-03-29,EMP027,EMP035,Net 45
PO0155,VEN249,24342.1,Software Licensing,2026-03-25,EMP016,EMP004,Net 30
PO0156,VEN160,14030.16,Catering,2025-06-12,EMP071,EMP002,Net 15
PO0157,VEN059,16368.89,Printing & Packaging,2025-08-19,EMP060,EMP016,Net 30
PO0158,VEN150,7198.91,Logistics,2026-05-26,EMP066,EMP091,Net 60
PO0159,VEN125,4043.73,Printing & Packaging,2026-04-29,EMP059,EMP071,Net 30
PO0160,VEN070,19430.54,Catering,2026-06-05,EMP009,EMP036,Net 60
PO0161,VEN260,7429.56,Cleaning Services,2025-12-15,EMP035,EMP001,Net 45
PO0162,VEN251,13695.22,Software Licensing,2026-08-17,EMP020,EMP058,Net 45
PO0163,VEN283,9741.65,Cleaning Services,2025-12-07,EMP098,EMP070,Net 45
PO0164,VEN123,6222.28,Catering,2025-07-13,EMP074,EMP050,Net 60
PO0165,VEN163,17778.08,IT Hardware,2025-02-14,EMP096,EMP061,Net 60
PO0166,VEN078,3593.03,IT Hardware,2026-01-31,EMP064,EMP005,Net 45
PO0167,VEN226,22805.82,Office Supplies,2025-04-13,EMP013,EMP068,Net 15
PO0168,VEN210,2333.29,Catering,2025-05-28,EMP084,EMP020,Net 45
PO0169,VEN204,21368.25,Logistics,2025-12-13,EMP084,EMP011,Net 60
PO0170,VEN250,15627.76,Cleaning Services,2025-11-21,EMP070,EMP005,Net 30
PO0171,VEN117,11132.3,Cleaning Services,2025-10-22,EMP096,EMP012,Net 15
PO0172,VEN228,7836.92,Software Licensing,2025-04-13,EMP022,EMP089,Net 15
PO0173,VEN167,9282.35,Software Licensing,2025-02-17,EMP008,EMP038,Net 60
PO0174,VEN126,14365.24,Printing & Packaging,2025-05-30,EMP068,EMP053,Net 30
PO0175,VEN090,21835.57,Office Supplies,2025-06-24,EMP011,EMP079,Net 30
PO0176,VEN299,11798.17,IT Hardware,2026-05-25,EMP019,EMP030,Net 45
PO0177,VEN131,22523.26,Catering,2026-04-16,EMP086,EMP002,Net 60
PO0178,VEN280,11322.38,Cleaning Services,2025-10-22,EMP021,EMP010,Net 45
PO0179,VEN218,11692.48,Printing & Packaging,2025-11-03,EMP089,EMP033,Net 45
PO0180,VEN197,6311.54,Printing & Packaging,2025-07-23,EMP062,EMP014,Net 45
PO0181,VEN152,1037.52,Printing & Packaging,2026-08-12,EMP090,EMP038,Net 60
PO0182,VEN005,19568.63,Logistics,2025-10-09,EMP073,EMP088,Net 15
PO0183,VEN147,15373.09,Software Licensing,2026-05-24,EMP100,EMP030,Net 45
PO0184,VEN098,17105.23,Office Supplies,2025-08-13,EMP080,EMP033,Net 30
PO0185,VEN021,1317.43,Cleaning Services,2025-04-10,EMP040,EMP057,Net 45
PO0186,VEN047,18813.28,Logistics,2025-05-15,EMP038,EMP042,Net 30
PO0187,VEN068,13505.88,Printing & Packaging,2025-07-25,EMP070,EMP047,Net 45
PO0188,VEN132,18790.7,Cleaning Services,2025-06-18,EMP062,EMP038,Net 45
PO0189,VEN240,18976.71,IT Hardware,2025-04-28,EMP010,EMP019,Net 30
PO0190,VEN286,19871.71,IT Hardware,2026-02-11,EMP047,EMP012,Net 15
PO0191,VEN275,9530.35,Software Licensing,2025-09-28,EMP016,EMP059,Net 45
PO0192,VEN196,3154.48,Cleaning Services,2026-08-22,EMP082,EMP048,Net 30
PO0193,VEN013,8536.15,Catering,2026-04-28,EMP080,EMP072,Net 30
PO0194,VEN238,16406.37,Office Supplies,2025-03-06,EMP090,EMP039,Net 15
PO0195,VEN024,24900.22,Catering,2025-05-24,EMP005,EMP039,Net 15
PO0196,VEN121,10021.82,Catering,2025-04-10,EMP069,EMP018,Net 45
PO0197,VEN215,18301.68,Logistics,2026-07-08,EMP076,EMP096,Net 60
PO0198,VEN251,23506.8,Software Licensing,2025-04-12,EMP079,EMP053,Net 45
PO0199,VEN190,11395.05,Office Supplies,2025-02-03,EMP028,EMP057,Net 30
PO0200,VEN051,13839.41,Cleaning Services,2026-01-07,EMP088,EMP048,Net 45
PO0201,VEN204,24221.07,Logistics,2025-03-04,EMP036,EMP025,Net 60
PO0202,VEN109,15130.08,IT Hardware,2025-04-04,EMP083,EMP082,Net 15
PO0203,VEN171,19780.96,Logistics,2025-02-21,EMP032,EMP017,Net 30
PO0204,VEN284,5790.81,Catering,2025-03-12,EMP027,EMP076,Net 30
PO0205,VEN076,7293.23,Office Supplies,2025-12-03,EMP077,EMP001,Net 30
PO0206,VEN277,3193.2,Printing & Packaging,2025-05-14,EMP033,EMP023,Net 15
PO0207,VEN008,14926.9,Office Supplies,2025-05-15,EMP046,EMP031,Net 15
PO0208,VEN136,18672.09,Printing & Packaging,2025-06-28,EMP007,EMP017,Net 15
PO0209,VEN244,9369.95,Office Supplies,2025-03-07,EMP058,EMP100,Net 15
PO0210,VEN258,1562.44,Printing & Packaging,2026-04-08,EMP029,EMP079,Net 45
PO0211,VEN016,21258.81,Catering,2026-04-15,EMP008,EMP062,Net 60
PO0212,VEN252,2300.52,Cleaning Services,2025-04-21,EMP092,EMP057,Net 15
PO0213,VEN076,7237.89,Office Supplies,2025-11-26,EMP009,EMP017,Net 45
PO0214,VEN272,12886.0,Catering,2026-01-26,EMP038,EMP059,Net 60
PO0215,VEN059,22003.8,Printing & Packaging,2025-04-12,EMP084,EMP084,Net 30
PO0216,VEN232,8803.82,Catering,2026-03-17,EMP030,EMP053,Net 60
PO0217,VEN213,8157.43,Cleaning Services,2026-02-13,EMP094,EMP013,Net 45
PO0218,VEN192,23113.13,Printing & Packaging,2025-09-19,EMP020,EMP088,Net 15
PO0219,VEN044,2865.83,Printing & Packaging,2025-04-04,EMP012,EMP056,Net 45
PO0220,VEN285,23937.3,IT Hardware,2025-05-14,EMP008,EMP076,Net 45
PO0221,VEN211,23557.68,Software Licensing,2025-05-06,EMP046,EMP086,Net 60
PO0222,VEN148,9115.33,Cleaning Services,2025-02-22,EMP077,EMP040,Net 30
PO0223,VEN247,9077.79,Printing & Packaging,2025-06-08,EMP029,EMP014,Net 45
PO0224,VEN143,20276.92,Office Supplies,2025-04-28,EMP074,EMP029,Net 15
PO0225,VEN015,17716.12,Printing & Packaging,2025-10-01,EMP024,EMP035,Net 45
PO0226,VEN180,21811.64,Software Licensing,2025-12-14,EMP001,EMP024,Net 60
PO0227,VEN073,24309.35,Office Supplies,2025-03-13,EMP095,EMP082,Net 15
PO0228,VEN111,11614.32,IT Hardware,2026-06-28,EMP049,EMP054,Net 30
PO0229,VEN160,19532.47,Catering,2026-01-14,EMP093,EMP042,Net 15
PO0230,VEN080,15637.04,Cleaning Services,2025-02-23,EMP021,EMP097,Net 15
PO0231,VEN227,12398.71,Software Licensing,2025-10-06,EMP085,EMP055,Net 60
PO0232,VEN140,13052.48,Cleaning Services,2026-03-01,EMP028,EMP097,Net 45
PO0233,VEN057,17122.91,Software Licensing,2026-03-17,EMP037,EMP087,Net 60
PO0234,VEN158,10183.95,Office Supplies,2026-06-24,EMP006,EMP029,Net 15
PO0235,VEN105,19300.06,Catering,2025-01-08,EMP039,EMP028,Net 45
PO0236,VEN168,12685.94,Software Licensing,2025-10-24,EMP016,EMP001,Net 60
PO0237,VEN067,17739.95,Office Supplies,2025-06-29,EMP049,EMP069,Net 45
PO0238,VEN204,11187.38,Logistics,2025-03-15,EMP095,EMP006,Net 60
PO0239,VEN161,14548.29,Software Licensing,2025-03-21,EMP074,EMP055,Net 60
PO0240,VEN059,24171.89,Printing & Packaging,2025-10-24,EMP052,EMP003,Net 30
PO0241,VEN186,21189.87,Office Supplies,2026-04-17,EMP012,EMP056,Net 30
PO0242,VEN206,10196.28,Catering,2026-03-23,EMP068,EMP011,Net 45
PO0243,VEN114,4619.25,Software Licensing,2025-12-14,EMP043,EMP100,Net 15
PO0244,VEN262,9059.69,Cleaning Services,2026-06-28,EMP025,EMP100,Net 30
PO0245,VEN053,5333.16,Logistics,2025-08-30,EMP019,EMP033,Net 30
PO0246,VEN091,12605.87,Software Licensing,2025-03-19,EMP099,EMP081,Net 60
PO0247,VEN166,4198.46,Cleaning Services,2026-08-02,EMP081,EMP041,Net 15
PO0248,VEN227,20010.08,Software Licensing,2026-04-26,EMP081,EMP039,Net 15
PO0249,VEN260,11812.69,Cleaning Services,2025-12-27,EMP010,EMP040,Net 15
PO0250,VEN189,16294.33,Catering,2025-02-28,EMP037,EMP010,Net 15
PO0251,VEN197,14080.75,Printing & Packaging,2026-06-04,EMP060,EMP075,Net 15
PO0252,VEN293,8377.41,IT Hardware,2026-04-06,EMP084,EMP025,Net 60
PO0253,VEN078,3035.8,IT Hardware,2026-05-29,EMP008,EMP058,Net 45
PO0254,VEN259,1458.98,IT Hardware,2025-03-28,EMP083,EMP023,Net 60
PO0255,VEN269,4389.28,IT Hardware,2026-03-26,EMP067,EMP079,Net 45
PO0256,VEN199,8790.0,Printing & Packaging,2025-10-17,EMP053,EMP100,Net 15
PO0257,VEN034,14170.1,Printing & Packaging,2025-12-09,EMP043,EMP013,Net 60
PO0258,VEN130,24128.05,Catering,2025-10-18,EMP093,EMP085,Net 30
PO0259,VEN042,3965.0,Logistics,2025-12-08,EMP075,EMP085,Net 45
PO0260,VEN201,17866.43,Logistics,2025-11-14,EMP017,EMP077,Net 15
PO0261,VEN287,19895.72,Office Supplies,2025-11-14,EMP049,EMP083,Net 30
PO0262,VEN048,10873.46,Catering,2026-06-24,EMP083,EMP086,Net 45
PO0263,VEN186,23803.65,Office Supplies,2025-01-19,EMP040,EMP024,Net 45
PO0264,VEN099,4296.16,Office Supplies,2026-05-13,EMP029,EMP018,Net 45
PO0265,VEN260,20960.44,Cleaning Services,2025-04-14,EMP099,EMP070,Net 15
PO0266,VEN068,4279.19,Printing & Packaging,2025-12-11,EMP077,EMP049,Net 30
PO0267,VEN225,9425.34,Catering,2025-06-19,EMP006,EMP053,Net 30
PO0268,VEN146,19703.11,IT Hardware,2026-03-31,EMP097,EMP096,Net 30
PO0269,VEN123,22647.37,Catering,2026-07-01,EMP040,EMP061,Net 30
PO0270,VEN293,19351.24,IT Hardware,2026-01-12,EMP057,EMP060,Net 60
PO0271,VEN271,20513.84,Catering,2026-05-30,EMP054,EMP021,Net 30
PO0272,VEN027,21915.87,Cleaning Services,2025-09-14,EMP083,EMP062,Net 15
PO0273,VEN064,19196.36,Cleaning Services,2026-06-13,EMP037,EMP011,Net 45
PO0274,VEN263,2746.98,Printing & Packaging,2026-04-06,EMP019,EMP056,Net 30
PO0275,VEN179,1804.79,Cleaning Services,2026-04-07,EMP004,EMP054,Net 45
PO0276,VEN198,6001.2,Logistics,2025-08-30,EMP011,EMP048,Net 45
PO0277,VEN172,1438.43,Catering,2025-04-12,EMP019,EMP018,Net 60
PO0278,VEN241,628.65,Printing & Packaging,2025-05-23,EMP058,EMP079,Net 15
PO0279,VEN132,13945.7,Cleaning Services,2025-01-20,EMP028,EMP020,Net 60
PO0280,VEN148,3485.28,Cleaning Services,2025-04-24,EMP031,EMP039,Net 30
PO0281,VEN235,20998.85,Printing & Packaging,2026-03-06,EMP009,EMP015,Net 60
PO0282,VEN009,14588.66,Logistics,2026-07-03,EMP081,EMP066,Net 30
PO0283,VEN220,9143.99,IT Hardware,2025-10-26,EMP001,EMP079,Net 60
PO0284,VEN044,2158.14,Printing & Packaging,2025-07-11,EMP068,EMP047,Net 15
PO0285,VEN241,9978.59,Printing & Packaging,2026-02-04,EMP006,EMP082,Net 45
PO0286,VEN009,8947.66,Logistics,2025-09-17,EMP046,EMP009,Net 15
PO0287,VEN171,9131.33,Logistics,2026-08-19,EMP018,EMP006,Net 45
PO0288,VEN238,15977.53,Office Supplies,2025-06-29,EMP090,EMP062,Net 30
PO0289,VEN235,5438.98,Printing & Packaging,2025-03-06,EMP005,EMP038,Net 30
PO0290,VEN162,10256.49,Printing & Packaging,2025-02-12,EMP040,EMP066,Net 60
PO0291,VEN019,5182.03,Software Licensing,2025-09-17,EMP097,EMP083,Net 45
PO0292,VEN170,20083.89,Software Licensing,2025-02-18,EMP035,EMP016,Net 60
PO0293,VEN226,24356.23,Office Supplies,2026-02-14,EMP050,EMP044,Net 60
PO0294,VEN189,20128.13,Catering,2026-05-25,EMP067,EMP035,Net 60
PO0295,VEN221,13864.12,Printing & Packaging,2025-03-22,EMP078,EMP024,Net 45
PO0296,VEN041,7743.18,Software Licensing,2025-04-16,EMP042,EMP085,Net 60
PO0297,VEN086,9112.9,Logistics,2026-03-13,EMP089,EMP057,Net 15
PO0298,VEN223,24510.67,Office Supplies,2025-12-28,EMP036,EMP082,Net 15
PO0299,VEN208,20126.85,Office Supplies,2025-03-18,EMP047,EMP066,Net 30
PO0300,VEN074,19642.14,Catering,2025-02-01,EMP078,EMP087,Net 15
PO0301,VEN035,16306.49,Logistics,2025-05-10,EMP031,EMP100,Net 45
PO0302,VEN291,4259.24,Catering,2026-01-28,EMP005,EMP078,Net 60
PO0303,VEN191,2383.69,Office Supplies,2026-01-15,EMP057,EMP098,Net 30
PO0304,VEN188,16414.24,Printing & Packaging,2026-06-27,EMP051,EMP041,Net 30
PO0305,VEN014,12726.58,Logistics,2025-04-27,EMP095,EMP024,Net 60
PO0306,VEN061,6877.1,IT Hardware,2026-07-30,EMP034,EMP100,Net 60
PO0307,VEN147,5404.37,Software Licensing,2025-08-08,EMP089,EMP063,Net 30
PO0308,VEN232,11405.22,Catering,2025-03-17,EMP023,EMP092,Net 15
PO0309,VEN178,13974.93,Cleaning Services,2025-11-24,EMP091,EMP009,Net 45
PO0310,VEN081,23219.45,Software Licensing,2025-11-04,EMP092,EMP091,Net 30
PO0311,VEN261,24635.75,Office Supplies,2026-01-06,EMP029,EMP016,Net 30
PO0312,VEN253,14073.53,Software Licensing,2025-08-31,EMP004,EMP047,Net 45
PO0313,VEN283,22164.04,Cleaning Services,2026-04-24,EMP017,EMP079,Net 15
PO0314,VEN204,12227.3,Logistics,2025-11-13,EMP092,EMP093,Net 60
PO0315,VEN295,24323.3,Printing & Packaging,2026-02-24,EMP010,EMP017,Net 15
PO0316,VEN239,8940.61,Cleaning Services,2026-04-06,EMP088,EMP067,Net 30
PO0317,VEN222,20869.07,Software Licensing,2025-05-13,EMP065,EMP008,Net 30
PO0318,VEN085,23401.08,Cleaning Services,2025-11-08,EMP021,EMP042,Net 30
PO0319,VEN266,6639.83,Catering,2025-12-21,EMP037,EMP011,Net 45
PO0320,VEN156,2789.0,Catering,2025-05-09,EMP079,EMP069,Net 30
PO0321,VEN079,15799.74,IT Hardware,2026-08-18,EMP022,EMP085,Net 45
PO0322,VEN022,1613.81,Catering,2026-08-01,EMP004,EMP011,Net 45
PO0323,VEN293,16155.28,IT Hardware,2025-08-04,EMP054,EMP080,Net 60
PO0324,VEN149,12332.15,Printing & Packaging,2026-07-13,EMP083,EMP039,Net 60
PO0325,VEN233,1967.87,Catering,2025-11-01,EMP010,EMP089,Net 60
PO0326,VEN248,8834.72,IT Hardware,2026-03-02,EMP060,EMP027,Net 30
PO0327,VEN164,24396.67,Software Licensing,2025-11-17,EMP094,EMP045,Net 30
PO0328,VEN264,8318.34,Logistics,2026-01-15,EMP072,EMP014,Net 60
PO0329,VEN137,3951.5,Catering,2025-05-06,EMP058,EMP032,Net 15
PO0330,VEN197,6582.62,Printing & Packaging,2025-10-25,EMP079,EMP054,Net 30
PO0331,VEN296,5150.94,Printing & Packaging,2025-12-02,EMP093,EMP041,Net 30
PO0332,VEN264,22037.35,Logistics,2026-05-26,EMP060,EMP064,Net 60
PO0333,VEN047,11702.15,Logistics,2025-01-24,EMP051,EMP065,Net 30
PO0334,VEN299,1738.24,IT Hardware,2025-08-09,EMP046,EMP007,Net 60
PO0335,VEN147,21255.72,Software Licensing,2026-04-27,EMP069,EMP002,Net 60
PO0336,VEN136,19214.49,Printing & Packaging,2025-05-18,EMP094,EMP047,Net 45
PO0337,VEN206,14264.51,Catering,2025-02-16,EMP007,EMP073,Net 45
PO0338,VEN148,12854.26,Cleaning Services,2026-07-21,EMP010,EMP050,Net 45
PO0339,VEN066,9643.36,Cleaning Services,2025-05-02,EMP013,EMP051,Net 45
PO0340,VEN188,5376.92,Printing & Packaging,2026-07-26,EMP097,EMP019,Net 60
PO0341,VEN021,3857.39,Cleaning Services,2026-05-28,EMP006,EMP005,Net 45
PO0342,VEN266,15353.38,Catering,2026-05-01,EMP059,EMP020,Net 30
PO0343,VEN164,24770.09,Software Licensing,2025-12-02,EMP021,EMP051,Net 45
PO0344,VEN260,12501.24,Cleaning Services,2025-12-11,EMP066,EMP069,Net 45
PO0345,VEN009,17008.26,Logistics,2026-05-02,EMP048,EMP043,Net 60
PO0346,VEN158,15916.88,Office Supplies,2026-08-21,EMP093,EMP089,Net 60
PO0347,VEN297,18174.3,Catering,2025-09-29,EMP074,EMP030,Net 60
PO0348,VEN269,15683.53,IT Hardware,2025-06-24,EMP081,EMP093,Net 60
PO0349,VEN125,23731.03,Printing & Packaging,2025-06-01,EMP005,EMP074,Net 15
PO0350,VEN010,10760.12,Printing & Packaging,2025-07-15,EMP057,EMP041,Net 60
PO0351,VEN211,15481.21,Software Licensing,2025-07-28,EMP065,EMP100,Net 60
PO0352,VEN071,14241.73,Cleaning Services,2025-03-05,EMP067,EMP027,Net 60
PO0353,VEN193,11761.76,Logistics,2026-06-23,EMP041,EMP023,Net 45
PO0354,VEN182,21757.53,Catering,2026-07-14,EMP087,EMP099,Net 45
PO0355,VEN099,14173.12,Office Supplies,2026-05-11,EMP032,EMP036,Net 30
PO0356,VEN148,17410.88,Cleaning Services,2025-11-01,EMP091,EMP027,Net 60
PO0357,VEN246,23375.66,Software Licensing,2025-11-21,EMP045,EMP072,Net 45
PO0358,VEN063,13808.18,Software Licensing,2025-10-22,EMP074,EMP087,Net 60
PO0359,VEN075,7546.94,Software Licensing,2025-12-20,EMP038,EMP006,Net 15
PO0360,VEN227,18809.79,Software Licensing,2025-12-21,EMP084,EMP033,Net 30
PO0361,VEN276,17556.2,Logistics,2025-07-26,EMP035,EMP072,Net 30
PO0362,VEN123,16910.93,Catering,2025-04-22,EMP032,EMP007,Net 30
PO0363,VEN027,8592.19,Cleaning Services,2025-08-27,EMP013,EMP053,Net 60
PO0364,VEN071,24458.81,Cleaning Services,2025-04-13,EMP001,EMP071,Net 30
PO0365,VEN244,5386.67,Office Supplies,2026-02-21,EMP062,EMP084,Net 45
PO0366,VEN147,22744.46,Software Licensing,2025-11-25,EMP083,EMP008,Net 15
PO0367,VEN119,18216.38,Logistics,2026-08-11,EMP069,EMP095,Net 15
PO0368,VEN214,24930.71,Office Supplies,2025-06-29,EMP023,EMP005,Net 60
PO0369,VEN096,21980.21,Printing & Packaging,2026-05-23,EMP096,EMP038,Net 15
PO0370,VEN291,23247.14,Catering,2025-11-02,EMP078,EMP014,Net 45
PO0371,VEN233,13345.8,Catering,2025-10-19,EMP083,EMP070,Net 30
PO0372,VEN240,20315.94,IT Hardware,2026-06-01,EMP035,EMP025,Net 45
PO0373,VEN235,18105.66,Printing & Packaging,2025-06-16,EMP083,EMP033,Net 15
PO0374,VEN152,19053.43,Printing & Packaging,2025-12-12,EMP073,EMP087,Net 30
PO0375,VEN219,2625.08,Software Licensing,2026-02-20,EMP066,EMP042,Net 15
PO0376,VEN072,23427.72,Software Licensing,2025-07-09,EMP062,EMP042,Net 15
PO0377,VEN197,18967.04,Printing & Packaging,2025-09-25,EMP031,EMP058,Net 45
PO0378,VEN299,780.18,IT Hardware,2025-11-06,EMP093,EMP074,Net 45
PO0379,VEN032,11902.18,Cleaning Services,2025-08-30,EMP086,EMP016,Net 30
PO0380,VEN258,8118.96,Printing & Packaging,2026-02-20,EMP091,EMP099,Net 15
PO0381,VEN189,5868.65,Catering,2025-10-30,EMP079,EMP029,Net 30
PO0382,VEN079,24726.53,IT Hardware,2026-05-05,EMP059,EMP096,Net 45
PO0383,VEN282,13669.18,Cleaning Services,2026-03-02,EMP061,EMP097,Net 30
PO0384,VEN042,13440.24,Logistics,2025-09-11,EMP068,EMP058,Net 45
PO0385,VEN289,20804.96,Printing & Packaging,2025-03-21,EMP015,EMP008,Net 30
PO0386,VEN275,8538.88,Software Licensing,2026-08-10,EMP020,EMP022,Net 60
PO0387,VEN106,12476.29,Software Licensing,2025-04-30,EMP092,EMP075,Net 60
PO0388,VEN233,10677.9,Catering,2025-02-26,EMP017,EMP066,Net 15
PO0389,VEN237,18220.36,IT Hardware,2026-07-27,EMP087,EMP040,Net 60
PO0390,VEN002,14668.63,Catering,2025-09-18,EMP096,EMP028,Net 15
PO0391,VEN177,13758.51,Office Supplies,2026-03-10,EMP090,EMP009,Net 15
PO0392,VEN242,10517.24,Office Supplies,2025-03-12,EMP005,EMP037,Net 30
PO0393,VEN192,21805.7,Printing & Packaging,2026-03-07,EMP049,EMP058,Net 60
PO0394,VEN042,21926.57,Logistics,2026-01-20,EMP088,EMP085,Net 30
PO0395,VEN061,10129.94,IT Hardware,2025-12-23,EMP023,EMP069,Net 30
PO0396,VEN002,24473.02,Catering,2025-08-17,EMP097,EMP003,Net 60
PO0397,VEN218,20672.33,Printing & Packaging,2026-07-12,EMP069,EMP049,Net 30
PO0398,VEN178,5117.77,Cleaning Services,2026-04-17,EMP020,EMP036,Net 15
PO0399,VEN215,23437.83,Logistics,2025-02-02,EMP079,EMP099,Net 15
PO0400,VEN106,15051.63,Software Licensing,2025-09-04,EMP009,EMP013,Net 60
PO0401,VEN126,10355.5,Printing & Packaging,2025-02-19,EMP095,EMP006,Net 30
PO0402,VEN112,1882.88,Software Licensing,2026-07-07,EMP097,EMP100,Net 45
PO0403,VEN295,15148.98,Printing & Packaging,2025-08-28,EMP041,EMP074,Net 45
PO0404,VEN155,13270.65,Office Supplies,2025-08-31,EMP019,EMP085,Net 60
PO0405,VEN141,23738.75,IT Hardware,2025-11-04,EMP008,EMP072,Net 30
PO0406,VEN285,24321.11,IT Hardware,2026-03-14,EMP064,EMP007,Net 60
PO0407,VEN164,10502.35,Software Licensing,2026-06-22,EMP090,EMP054,Net 45
PO0408,VEN095,12101.21,Cleaning Services,2026-01-21,EMP097,EMP069,Net 30
PO0409,VEN074,14278.46,Catering,2025-11-04,EMP060,EMP008,Net 60
PO0410,VEN272,6450.03,Catering,2026-07-25,EMP018,EMP050,Net 30
PO0411,VEN041,2765.37,Software Licensing,2025-12-05,EMP058,EMP048,Net 30
PO0412,VEN138,15321.75,Logistics,2025-02-22,EMP049,EMP087,Net 15
PO0413,VEN097,18245.48,Logistics,2025-03-16,EMP098,EMP076,Net 30
PO0414,VEN107,23946.98,Printing & Packaging,2026-05-06,EMP043,EMP039,Net 15
PO0415,VEN098,18798.54,Office Supplies,2025-08-05,EMP095,EMP016,Net 60
PO0416,VEN105,14025.94,Catering,2025-09-06,EMP051,EMP031,Net 45
PO0417,VEN239,9301.86,Cleaning Services,2026-01-25,EMP069,EMP084,Net 45
PO0418,VEN263,2915.9,Printing & Packaging,2026-01-04,EMP064,EMP060,Net 60
PO0419,VEN105,10641.29,Catering,2025-11-24,EMP048,EMP041,Net 30
PO0420,VEN009,23401.58,Logistics,2025-05-30,EMP034,EMP071,Net 60
PO0421,VEN079,6135.46,IT Hardware,2025-10-30,EMP026,EMP043,Net 30
PO0422,VEN282,8770.32,Cleaning Services,2026-05-27,EMP084,EMP088,Net 60
PO0423,VEN236,19976.9,Printing & Packaging,2026-05-18,EMP022,EMP094,Net 30
PO0424,VEN280,22964.04,Cleaning Services,2025-05-24,EMP063,EMP024,Net 15
PO0425,VEN018,1688.6,IT Hardware,2026-06-21,EMP010,EMP086,Net 15
PO0426,VEN071,2165.21,Cleaning Services,2026-02-27,EMP081,EMP030,Net 30
PO0427,VEN112,9643.42,Software Licensing,2025-01-10,EMP065,EMP059,Net 60
PO0428,VEN009,14015.27,Logistics,2026-05-15,EMP001,EMP069,Net 15
PO0429,VEN272,13625.58,Catering,2025-01-18,EMP093,EMP036,Net 45
PO0430,VEN258,11049.04,Printing & Packaging,2025-01-18,EMP090,EMP087,Net 30
PO0431,VEN050,6403.74,Software Licensing,2025-04-20,EMP068,EMP020,Net 45
PO0432,VEN137,9639.76,Catering,2025-12-29,EMP051,EMP011,Net 60
PO0433,VEN290,6033.5,Office Supplies,2026-04-16,EMP032,EMP090,Net 15
PO0434,VEN048,9740.65,Catering,2025-02-02,EMP052,EMP049,Net 60
PO0435,VEN005,2525.81,Logistics,2025-02-27,EMP090,EMP022,Net 60
PO0436,VEN290,23019.23,Office Supplies,2025-12-06,EMP013,EMP068,Net 30
PO0437,VEN291,1640.77,Catering,2025-08-05,EMP061,EMP035,Net 15
PO0438,VEN279,1306.09,Cleaning Services,2025-10-15,EMP073,EMP085,Net 45
PO0439,VEN107,18930.23,Printing & Packaging,2025-01-17,EMP076,EMP019,Net 60
PO0440,VEN154,6391.57,Printing & Packaging,2025-03-20,EMP021,EMP073,Net 60
PO0441,VEN170,18623.76,Software Licensing,2026-07-08,EMP050,EMP097,Net 15
PO0442,VEN178,11208.66,Cleaning Services,2026-05-28,EMP007,EMP013,Net 15
PO0443,VEN204,1225.83,Logistics,2025-12-15,EMP100,EMP042,Net 45
PO0444,VEN252,14049.42,Cleaning Services,2026-04-07,EMP030,EMP046,Net 60
PO0445,VEN096,16686.46,Printing & Packaging,2026-03-19,EMP088,EMP075,Net 15
PO0446,VEN127,2509.93,IT Hardware,2025-10-30,EMP092,EMP010,Net 30
PO0447,VEN079,8258.62,IT Hardware,2026-01-25,EMP095,EMP050,Net 15
PO0448,VEN003,9317.98,Office Supplies,2025-04-04,EMP040,EMP057,Net 45
PO0449,VEN068,11059.0,Printing & Packaging,2025-04-15,EMP012,EMP024,Net 60
PO0450,VEN014,14078.39,Logistics,2025-04-16,EMP012,EMP046,Net 45
PO0451,VEN007,10001.09,Software Licensing,2026-01-30,EMP038,EMP053,Net 15
PO0452,VEN125,4654.78,Printing & Packaging,2026-07-27,EMP074,EMP067,Net 60
PO0453,VEN072,7075.97,Software Licensing,2025-06-23,EMP035,EMP039,Net 30
PO0454,VEN086,10817.01,Logistics,2025-03-06,EMP056,EMP036,Net 60
PO0455,VEN185,18162.04,Office Supplies,2025-03-20,EMP033,EMP032,Net 60
PO0456,VEN235,7964.12,Printing & Packaging,2025-07-20,EMP014,EMP018,Net 60
PO0457,VEN195,8701.04,Logistics,2025-12-07,EMP043,EMP057,Net 30
PO0458,VEN165,5420.86,IT Hardware,2025-11-04,EMP078,EMP089,Net 45
PO0459,VEN204,18504.42,Logistics,2025-07-01,EMP041,EMP038,Net 60
PO0460,VEN125,7367.35,Printing & Packaging,2026-08-13,EMP042,EMP049,Net 60
PO0461,VEN059,15009.56,Printing & Packaging,2026-01-09,EMP073,EMP026,Net 30
PO0462,VEN014,23602.89,Logistics,2026-07-18,EMP094,EMP060,Net 30
PO0463,VEN150,20564.66,Logistics,2026-03-25,EMP089,EMP009,Net 60
PO0464,VEN072,6429.52,Software Licensing,2026-05-27,EMP082,EMP039,Net 30
PO0465,VEN194,24772.17,Cleaning Services,2026-03-10,EMP010,EMP058,Net 60
PO0466,VEN206,23125.65,Catering,2026-08-20,EMP069,EMP065,Net 60
PO0467,VEN019,22439.79,Software Licensing,2026-07-11,EMP047,EMP090,Net 15
PO0468,VEN128,9197.72,IT Hardware,2025-04-22,EMP085,EMP086,Net 15
PO0469,VEN205,24160.06,Printing & Packaging,2026-07-31,EMP097,EMP043,Net 60
PO0470,VEN006,5939.03,IT Hardware,2025-04-19,EMP013,EMP034,Net 30
PO0471,VEN192,19422.38,Printing & Packaging,2026-04-02,EMP051,EMP060,Net 30
PO0472,VEN013,7738.09,Catering,2025-12-20,EMP062,EMP014,Net 15
PO0473,VEN073,8905.13,Office Supplies,2025-04-29,EMP045,EMP040,Net 30
PO0474,VEN248,2891.76,IT Hardware,2026-06-18,EMP045,EMP061,Net 60
PO0475,VEN035,20349.56,Logistics,2025-11-23,EMP039,EMP006,Net 15
PO0476,VEN176,17089.91,Cleaning Services,2025-01-24,EMP083,EMP014,Net 30
PO0477,VEN265,4423.32,Printing & Packaging,2025-09-07,EMP023,EMP071,Net 60
PO0478,VEN119,5019.07,Logistics,2026-04-19,EMP052,EMP081,Net 60
PO0479,VEN015,22135.89,Printing & Packaging,2026-02-10,EMP095,EMP079,Net 60
PO0480,VEN200,5762.5,Software Licensing,2026-03-16,EMP001,EMP091,Net 45
PO0481,VEN296,5080.52,Printing & Packaging,2025-03-06,EMP014,EMP069,Net 45
PO0482,VEN235,16932.18,Printing & Packaging,2025-07-21,EMP015,EMP034,Net 60
PO0483,VEN161,15477.06,Software Licensing,2026-06-25,EMP077,EMP050,Net 15
PO0484,VEN181,4726.92,Software Licensing,2025-12-23,EMP059,EMP080,Net 45
PO0485,VEN069,6345.03,Software Licensing,2025-03-28,EMP041,EMP016,Net 15
PO0486,VEN192,13015.21,Printing & Packaging,2025-07-07,EMP089,EMP019,Net 60
PO0487,VEN295,5050.97,Printing & Packaging,2025-05-22,EMP050,EMP055,Net 30
PO0488,VEN086,3937.27,Logistics,2026-07-23,EMP063,EMP037,Net 45
PO0489,VEN028,12372.92,Cleaning Services,2026-04-07,EMP046,EMP002,Net 30
PO0490,VEN288,12626.76,Cleaning Services,2026-01-29,EMP065,EMP084,Net 60
PO0491,VEN228,2525.43,Software Licensing,2026-03-02,EMP063,EMP022,Net 15
PO0492,VEN150,6008.66,Logistics,2025-08-14,EMP005,EMP036,Net 45
PO0493,VEN235,19427.42,Printing & Packaging,2025-06-22,EMP073,EMP096,Net 60
PO0494,VEN262,3298.06,Cleaning Services,2026-07-17,EMP015,EMP074,Net 45
PO0495,VEN022,11313.48,Catering,2026-07-10,EMP098,EMP093,Net 30
PO0496,VEN053,18907.96,Logistics,2026-03-12,EMP095,EMP084,Net 45
PO0497,VEN231,21623.89,IT Hardware,2025-02-03,EMP034,EMP045,Net 15
PO0498,VEN061,5642.02,IT Hardware,2026-03-26,EMP100,EMP031,Net 45
PO0499,VEN085,19728.81,Cleaning Services,2026-03-15,EMP079,EMP018,Net 30
PO0500,VEN292,7386.58,Software Licensing,2025-03-02,EMP045,EMP069,Net 30
PO0501,VEN150,7049.91,Logistics,2025-11-28,EMP038,EMP074,Net 15
PO0502,VEN211,21742.67,Software Licensing,2025-05-19,EMP008,EMP036,Net 30
PO0503,VEN128,8391.37,IT Hardware,2025-05-16,EMP019,EMP092,Net 30
PO0504,VEN251,15993.85,Software Licensing,2026-02-07,EMP019,EMP074,Net 60
PO0505,VEN232,19967.67,Catering,2026-01-20,EMP010,EMP082,Net 15
PO0506,VEN264,17520.24,Logistics,2026-02-17,EMP096,EMP036,Net 45
PO0507,VEN250,560.59,Cleaning Services,2026-04-11,EMP042,EMP075,Net 15
PO0508,VEN184,10244.04,Logistics,2026-04-15,EMP009,EMP069,Net 60
PO0509,VEN254,20794.42,Printing & Packaging,2025-08-05,EMP035,EMP042,Net 45
PO0510,VEN296,21384.35,Printing & Packaging,2026-07-15,EMP017,EMP073,Net 45
PO0511,VEN024,19705.3,Catering,2025-02-19,EMP013,EMP081,Net 60
PO0512,VEN064,11684.69,Cleaning Services,2025-01-17,EMP021,EMP057,Net 60
PO0513,VEN068,4394.95,Printing & Packaging,2025-07-27,EMP084,EMP039,Net 45
PO0514,VEN185,9610.17,Office Supplies,2025-04-06,EMP033,EMP011,Net 30
PO0515,VEN203,18286.71,Logistics,2025-02-23,EMP081,EMP040,Net 30
PO0516,VEN047,526.61,Logistics,2026-03-16,EMP091,EMP013,Net 60
PO0517,VEN068,13226.38,Printing & Packaging,2025-03-21,EMP076,EMP029,Net 60
PO0518,VEN005,20519.17,Logistics,2025-01-10,EMP090,EMP044,Net 60
PO0519,VEN245,9885.21,Catering,2025-05-16,EMP010,EMP030,Net 15
PO0520,VEN161,3859.67,Software Licensing,2025-04-16,EMP048,EMP039,Net 30
PO0521,VEN036,707.63,Office Supplies,2025-05-27,EMP068,EMP073,Net 30
PO0522,VEN180,15887.96,Software Licensing,2026-03-27,EMP093,EMP028,Net 30
PO0523,VEN227,22466.53,Software Licensing,2026-02-26,EMP028,EMP012,Net 30
PO0524,VEN197,8205.34,Printing & Packaging,2025-05-07,EMP045,EMP055,Net 30
PO0525,VEN142,6580.09,Software Licensing,2025-09-11,EMP083,EMP011,Net 45
PO0526,VEN155,15369.71,Office Supplies,2025-01-28,EMP027,EMP067,Net 30
PO0527,VEN152,19703.14,Printing & Packaging,2026-02-06,EMP083,EMP007,Net 30
PO0528,VEN198,12739.77,Logistics,2026-05-22,EMP015,EMP031,Net 15
PO0529,VEN007,3733.58,Software Licensing,2026-06-25,EMP047,EMP041,Net 60
PO0530,VEN280,19186.79,Cleaning Services,2026-01-10,EMP088,EMP023,Net 15
PO0531,VEN035,5785.7,Logistics,2025-01-18,EMP002,EMP034,Net 15
PO0532,VEN260,17959.41,Cleaning Services,2026-02-12,EMP037,EMP081,Net 60
PO0533,VEN206,13645.84,Catering,2026-03-10,EMP011,EMP082,Net 30
PO0534,VEN043,13026.97,Office Supplies,2025-10-12,EMP040,EMP011,Net 30
PO0535,VEN275,14867.71,Software Licensing,2025-06-09,EMP042,EMP051,Net 15
PO0536,VEN224,1918.7,Logistics,2025-11-14,EMP094,EMP031,Net 15
PO0537,VEN060,15416.39,Catering,2026-03-21,EMP059,EMP079,Net 45
PO0538,VEN062,3861.69,Office Supplies,2025-06-29,EMP002,EMP091,Net 15
PO0539,VEN255,13171.96,Software Licensing,2025-06-17,EMP045,EMP067,Net 45
PO0540,VEN191,19637.54,Office Supplies,2025-06-20,EMP017,EMP096,Net 45
PO0541,VEN016,7163.52,Catering,2025-05-01,EMP043,EMP055,Net 15
PO0542,VEN296,12655.62,Printing & Packaging,2025-09-27,EMP081,EMP010,Net 45
PO0543,VEN256,9508.35,Catering,2025-02-26,EMP073,EMP022,Net 45
PO0544,VEN294,3325.67,Catering,2025-04-16,EMP087,EMP093,Net 15
PO0545,VEN007,12058.23,Software Licensing,2025-02-15,EMP032,EMP006,Net 60
PO0546,VEN092,20176.33,Logistics,2025-06-03,EMP005,EMP071,Net 60
PO0547,VEN165,22938.44,IT Hardware,2025-08-18,EMP032,EMP054,Net 45
PO0548,VEN040,3425.32,Cleaning Services,2025-10-05,EMP074,EMP048,Net 15
PO0549,VEN115,23874.95,Office Supplies,2025-07-03,EMP067,EMP006,Net 15
PO0550,VEN145,8518.87,Office Supplies,2026-04-22,EMP100,EMP040,Net 60
PO0551,VEN189,14313.27,Catering,2025-01-09,EMP026,EMP038,Net 45
PO0552,VEN238,24310.51,Office Supplies,2025-09-06,EMP048,EMP076,Net 30
PO0553,VEN126,23343.74,Printing & Packaging,2026-07-14,EMP020,EMP001,Net 15
PO0554,VEN278,21069.56,Catering,2025-08-27,EMP045,EMP082,Net 15
PO0555,VEN001,9718.73,IT Hardware,2025-12-10,EMP098,EMP085,Net 45
PO0556,VEN106,10785.49,Software Licensing,2025-04-17,EMP068,EMP031,Net 15
PO0557,VEN144,23071.22,Catering,2025-05-26,EMP012,EMP006,Net 60
PO0558,VEN235,14728.88,Printing & Packaging,2026-01-17,EMP096,EMP011,Net 30
PO0559,VEN039,2025.93,Catering,2026-02-08,EMP076,EMP073,Net 30
PO0560,VEN150,23188.03,Logistics,2025-08-31,EMP034,EMP041,Net 60
PO0561,VEN163,6223.48,IT Hardware,2025-12-01,EMP058,EMP035,Net 30
PO0562,VEN300,3088.61,IT Hardware,2025-05-20,EMP014,EMP020,Net 60
PO0563,VEN161,13630.15,Software Licensing,2026-04-23,EMP053,EMP016,Net 30
PO0564,VEN158,21385.81,Office Supplies,2026-04-08,EMP060,EMP034,Net 15
PO0565,VEN156,15280.91,Catering,2025-06-11,EMP091,EMP090,Net 30
PO0566,VEN076,6581.36,Office Supplies,2025-12-02,EMP012,EMP092,Net 45
PO0567,VEN263,7821.6,Printing & Packaging,2026-02-10,EMP007,EMP087,Net 30
PO0568,VEN208,18827.92,Office Supplies,2025-02-01,EMP058,EMP072,Net 30
PO0569,VEN237,3475.6,IT Hardware,2025-04-07,EMP014,EMP018,Net 15
PO0570,VEN067,9619.87,Office Supplies,2025-08-16,EMP026,EMP052,Net 15
PO0571,VEN133,24930.45,Logistics,2026-08-20,EMP010,EMP003,Net 30
PO0572,VEN066,3501.93,Cleaning Services,2026-03-31,EMP012,EMP043,Net 60
PO0573,VEN087,20631.29,Printing & Packaging,2025-02-21,EMP074,EMP056,Net 60
PO0574,VEN016,10953.27,Catering,2026-05-24,EMP049,EMP088,Net 45
PO0575,VEN096,11427.28,Printing & Packaging,2025-08-08,EMP036,EMP036,Net 30
PO0576,VEN126,12722.84,Printing & Packaging,2025-02-05,EMP083,EMP038,Net 60
PO0577,VEN045,3862.28,Office Supplies,2025-03-04,EMP036,EMP050,Net 30
PO0578,VEN128,19973.73,IT Hardware,2026-06-23,EMP081,EMP070,Net 60
PO0579,VEN246,8928.84,Software Licensing,2026-01-03,EMP070,EMP063,Net 45
PO0580,VEN139,8312.5,IT Hardware,2026-02-02,EMP024,EMP004,Net 30
PO0581,VEN144,13471.09,Catering,2025-01-31,EMP008,EMP061,Net 30
PO0582,VEN052,6408.24,Catering,2025-06-13,EMP032,EMP085,Net 15
PO0583,VEN295,23412.55,Printing & Packaging,2025-08-13,EMP050,EMP046,Net 30
PO0584,VEN122,20252.15,IT Hardware,2025-06-30,EMP076,EMP041,Net 45
PO0585,VEN181,3981.51,Software Licensing,2025-01-29,EMP073,EMP073,Net 30
PO0586,VEN278,12515.69,Catering,2026-05-20,EMP040,EMP023,Net 15
PO0587,VEN120,988.24,Software Licensing,2025-02-27,EMP078,EMP029,Net 60
PO0588,VEN170,20257.91,Software Licensing,2025-01-01,EMP079,EMP026,Net 45
PO0589,VEN166,4118.94,Cleaning Services,2025-07-01,EMP008,EMP003,Net 30
PO0590,VEN270,9652.97,Office Supplies,2025-04-24,EMP047,EMP010,Net 60
PO0591,VEN052,8403.78,Catering,2026-08-24,EMP044,EMP039,Net 30
PO0592,VEN250,4767.97,Cleaning Services,2026-03-24,EMP084,EMP041,Net 45
PO0593,VEN090,18482.88,Office Supplies,2025-08-17,EMP049,EMP040,Net 45
PO0594,VEN091,23745.31,Software Licensing,2025-05-11,EMP094,EMP001,Net 60
PO0595,VEN017,8296.31,Logistics,2026-08-05,EMP024,EMP078,Net 30
PO0596,VEN054,8613.63,Cleaning Services,2026-08-03,EMP064,EMP019,Net 15
PO0597,VEN178,16086.58,Cleaning Services,2025-09-01,EMP041,EMP022,Net 15
PO0598,VEN229,5637.26,Cleaning Services,2025-12-10,EMP002,EMP034,Net 15
PO0599,VEN132,531.39,Cleaning Services,2025-12-25,EMP014,EMP093,Net 60
PO0600,VEN215,12580.51,Logistics,2026-03-25,EMP022,EMP053,Net 60
PO0601,VEN280,20805.77,Cleaning Services,2025-12-26,EMP049,EMP013,Net 30
PO0602,VEN232,7725.26,Catering,2025-06-16,EMP010,EMP005,Net 45
PO0603,VEN054,4667.58,Cleaning Services,2025-09-25,EMP010,EMP044,Net 60
PO0604,VEN039,8779.79,Catering,2025-06-14,EMP071,EMP012,Net 60
PO0605,VEN221,15379.28,Printing & Packaging,2025-02-01,EMP084,EMP022,Net 60
PO0606,VEN028,5535.99,Cleaning Services,2025-06-10,EMP013,EMP043,Net 30
PO0607,VEN284,13733.07,Catering,2026-02-24,EMP093,EMP094,Net 45
PO0608,VEN122,10126.1,IT Hardware,2025-11-01,EMP013,EMP007,Net 60
PO0609,VEN028,10976.35,Cleaning Services,2025-06-07,EMP047,EMP001,Net 45
PO0610,VEN103,5570.35,Office Supplies,2026-05-07,EMP013,EMP004,Net 45
PO0611,VEN243,19729.48,Logistics,2025-03-25,EMP015,EMP040,Net 60
PO0612,VEN136,13831.09,Printing & Packaging,2026-05-16,EMP012,EMP083,Net 30
PO0613,VEN196,11421.49,Cleaning Services,2026-01-15,EMP048,EMP024,Net 45
PO0614,VEN239,21008.43,Cleaning Services,2026-03-27,EMP034,EMP029,Net 15
PO0615,VEN050,8922.89,Software Licensing,2025-06-04,EMP011,EMP086,Net 60
PO0616,VEN284,20550.93,Catering,2025-08-21,EMP008,EMP050,Net 60
PO0617,VEN244,12168.43,Office Supplies,2026-07-03,EMP074,EMP031,Net 15
PO0618,VEN018,22561.15,IT Hardware,2026-02-09,EMP065,EMP074,Net 30
PO0619,VEN230,24318.04,Printing & Packaging,2025-05-04,EMP023,EMP022,Net 30
PO0620,VEN022,24712.86,Catering,2025-05-10,EMP055,EMP011,Net 60
PO0621,VEN076,8333.86,Office Supplies,2025-07-26,EMP077,EMP034,Net 15
PO0622,VEN199,14025.33,Printing & Packaging,2025-03-31,EMP072,EMP051,Net 45
PO0623,VEN235,15764.92,Printing & Packaging,2026-06-17,EMP002,EMP090,Net 60
PO0624,VEN213,14381.55,Cleaning Services,2025-04-26,EMP020,EMP019,Net 15
PO0625,VEN289,19750.77,Printing & Packaging,2025-04-19,EMP100,EMP013,Net 45
PO0626,VEN136,12396.83,Printing & Packaging,2026-02-25,EMP050,EMP084,Net 60
PO0627,VEN089,4024.39,Logistics,2025-02-08,EMP036,EMP052,Net 60
PO0628,VEN203,6320.69,Logistics,2025-02-09,EMP043,EMP089,Net 60
PO0629,VEN191,20525.96,Office Supplies,2025-10-03,EMP003,EMP044,Net 45
PO0630,VEN144,17278.87,Catering,2025-11-15,EMP063,EMP090,Net 30
PO0631,VEN154,19463.76,Printing & Packaging,2025-05-18,EMP096,EMP057,Net 45
PO0632,VEN214,2687.53,Office Supplies,2025-10-03,EMP078,EMP083,Net 60
PO0633,VEN209,19107.59,IT Hardware,2025-08-05,EMP095,EMP063,Net 45
PO0634,VEN264,8122.52,Logistics,2025-02-27,EMP021,EMP009,Net 60
PO0635,VEN269,4756.57,IT Hardware,2025-05-19,EMP073,EMP004,Net 30
PO0636,VEN128,1738.7,IT Hardware,2025-03-01,EMP005,EMP059,Net 45
PO0637,VEN141,12875.6,IT Hardware,2025-07-23,EMP048,EMP060,Net 15
PO0638,VEN124,15054.07,Printing & Packaging,2025-02-01,EMP048,EMP063,Net 30
PO0639,VEN283,4506.08,Cleaning Services,2026-05-01,EMP045,EMP045,Net 45
PO0640,VEN146,1716.45,IT Hardware,2025-04-03,EMP004,EMP050,Net 30
PO0641,VEN116,7092.55,Catering,2025-08-15,EMP087,EMP027,Net 60
PO0642,VEN011,17213.89,Logistics,2026-06-10,EMP100,EMP099,Net 60
PO0643,VEN089,5982.37,Logistics,2025-05-16,EMP077,EMP002,Net 45
PO0644,VEN217,11745.45,Office Supplies,2025-10-09,EMP049,EMP045,Net 30
PO0645,VEN155,20695.62,Office Supplies,2026-04-23,EMP087,EMP067,Net 60
PO0646,VEN053,24986.02,Logistics,2026-08-22,EMP001,EMP066,Net 45
PO0647,VEN145,3148.56,Office Supplies,2026-07-29,EMP039,EMP088,Net 15
PO0648,VEN142,21606.54,Software Licensing,2025-12-11,EMP082,EMP042,Net 45
PO0649,VEN097,19254.12,Logistics,2025-11-02,EMP020,EMP067,Net 15
PO0650,VEN164,18171.44,Software Licensing,2026-02-18,EMP088,EMP018,Net 60
PO0651,VEN133,10012.74,Logistics,2025-10-30,EMP054,EMP052,Net 15
PO0652,VEN293,18300.47,IT Hardware,2026-08-21,EMP025,EMP044,Net 30
PO0653,VEN244,12929.21,Office Supplies,2026-07-02,EMP086,EMP046,Net 30
PO0654,VEN093,12034.13,Logistics,2026-07-26,EMP038,EMP013,Net 45
PO0655,VEN094,16533.65,Logistics,2026-07-27,EMP088,EMP043,Net 30
PO0656,VEN115,10801.58,Office Supplies,2025-12-30,EMP096,EMP040,Net 45
PO0657,VEN134,11862.14,IT Hardware,2026-01-16,EMP075,EMP038,Net 15
PO0658,VEN028,14717.67,Cleaning Services,2026-04-27,EMP082,EMP075,Net 15
PO0659,VEN100,21753.69,Logistics,2026-04-29,EMP065,EMP016,Net 60
PO0660,VEN153,21835.8,Office Supplies,2026-06-27,EMP053,EMP007,Net 30
PO0661,VEN103,24686.19,Office Supplies,2025-05-21,EMP044,EMP053,Net 60
PO0662,VEN162,19584.06,Printing & Packaging,2025-05-27,EMP092,EMP024,Net 60
PO0663,VEN091,1921.33,Software Licensing,2025-12-07,EMP041,EMP082,Net 60
PO0664,VEN108,4630.84,Software Licensing,2025-10-08,EMP098,EMP100,Net 30
PO0665,VEN046,11125.93,Logistics,2026-05-17,EMP017,EMP079,Net 60
PO0666,VEN220,614.39,IT Hardware,2026-02-18,EMP062,EMP050,Net 30
PO0667,VEN008,20914.1,Office Supplies,2026-01-18,EMP042,EMP097,Net 30
PO0668,VEN003,6596.17,Office Supplies,2025-01-19,EMP081,EMP094,Net 45
PO0669,VEN067,12831.74,Office Supplies,2025-11-16,EMP014,EMP050,Net 45
PO0670,VEN034,23737.35,Printing & Packaging,2025-06-21,EMP006,EMP039,Net 60
PO0671,VEN269,22255.36,IT Hardware,2026-06-17,EMP044,EMP056,Net 30
PO0672,VEN251,5116.44,Software Licensing,2025-12-17,EMP046,EMP097,Net 60
PO0673,VEN117,24629.55,Cleaning Services,2025-01-20,EMP029,EMP094,Net 30
PO0674,VEN259,9481.49,IT Hardware,2025-01-23,EMP022,EMP016,Net 15
PO0675,VEN131,15766.8,Catering,2026-01-20,EMP099,EMP069,Net 15
PO0676,VEN011,3336.85,Logistics,2025-04-21,EMP007,EMP089,Net 60
PO0677,VEN064,12122.71,Cleaning Services,2026-01-25,EMP071,EMP033,Net 30
PO0678,VEN005,16710.78,Logistics,2025-07-30,EMP039,EMP054,Net 45
PO0679,VEN215,18109.77,Logistics,2025-05-21,EMP014,EMP066,Net 15
PO0680,VEN059,5366.84,Printing & Packaging,2025-10-17,EMP014,EMP064,Net 30
PO0681,VEN268,17734.2,Software Licensing,2025-09-27,EMP026,EMP046,Net 45
PO0682,VEN021,22803.74,Cleaning Services,2025-06-14,EMP071,EMP064,Net 60
PO0683,VEN121,16955.01,Catering,2025-12-05,EMP001,EMP002,Net 15
PO0684,VEN253,19598.39,Software Licensing,2026-08-11,EMP020,EMP012,Net 15
PO0685,VEN132,11690.41,Cleaning Services,2025-04-14,EMP083,EMP030,Net 45
PO0686,VEN238,20422.87,Office Supplies,2025-09-28,EMP007,EMP013,Net 15
PO0687,VEN185,10936.88,Office Supplies,2025-10-25,EMP087,EMP041,Net 15
PO0688,VEN024,16752.2,Catering,2025-04-08,EMP002,EMP018,Net 30
PO0689,VEN184,7073.58,Logistics,2025-12-03,EMP057,EMP080,Net 15
PO0690,VEN176,10319.05,Cleaning Services,2026-01-17,EMP024,EMP015,Net 60
PO0691,VEN198,20097.53,Logistics,2025-10-06,EMP089,EMP062,Net 30
PO0692,VEN068,1936.84,Printing & Packaging,2025-04-26,EMP090,EMP093,Net 30
PO0693,VEN214,20155.49,Office Supplies,2025-04-17,EMP076,EMP062,Net 60
PO0694,VEN195,15478.28,Logistics,2025-07-05,EMP100,EMP046,Net 30
PO0695,VEN250,11296.85,Cleaning Services,2026-05-10,EMP015,EMP053,Net 15
PO0696,VEN161,21774.14,Software Licensing,2025-09-25,EMP002,EMP091,Net 30
PO0697,VEN266,17664.21,Catering,2025-12-13,EMP067,EMP089,Net 15
PO0698,VEN128,16760.91,IT Hardware,2026-03-20,EMP062,EMP045,Net 60
PO0699,VEN286,785.3,IT Hardware,2025-06-02,EMP079,EMP007,Net 30
PO0700,VEN241,2334.2,Printing & Packaging,2026-06-02,EMP064,EMP022,Net 60
PO0701,VEN215,9000.0,Logistics,2026-03-01,EMP029,EMP076,Net 30
PO0702,VEN215,9000.0,Logistics,2026-03-01,EMP029,EMP036,Net 30
PO0703,VEN004,8000.0,Cleaning Services,2026-03-06,EMP098,EMP090,Net 30
PO0704,VEN004,8000.0,Cleaning Services,2026-03-06,EMP098,EMP055,Net 30
PO0705,VEN175,8000.0,Logistics,2026-03-11,EMP036,EMP028,Net 30
PO0706,VEN175,8000.0,Logistics,2026-03-11,EMP036,EMP098,Net 30
PO0707,VEN173,8000.0,Printing & Packaging,2026-03-16,EMP014,EMP049,Net 30
PO0708,VEN173,8000.0,Printing & Packaging,2026-03-16,EMP014,EMP013,Net 30
PO0709,VEN184,10000.0,Logistics,2026-03-21,EMP045,EMP034,Net 30
PO0710,VEN184,10000.0,Logistics,2026-03-21,EMP045,EMP006,Net 30
PO0711,VEN236,8000.0,Printing & Packaging,2026-03-26,EMP069,EMP049,Net 30
PO0712,VEN236,8000.0,Printing & Packaging,2026-03-26,EMP069,EMP011,Net 30
PO0713,VEN283,10000.0,Cleaning Services,2026-03-31,EMP038,EMP080,Net 30
PO0714,VEN283,10000.0,Cleaning Services,2026-03-31,EMP038,EMP047,Net 30
PO0715,VEN296,10000.0,Printing & Packaging,2026-04-05,EMP025,EMP009,Net 30
PO0716,VEN296,10000.0,Printing & Packaging,2026-04-05,EMP025,EMP006,Net 30
PO0717,VEN117,9000.0,Cleaning Services,2026-04-10,EMP099,EMP011,Net 30
PO0718,VEN117,9000.0,Cleaning Services,2026-04-10,EMP099,EMP030,Net 30
PO0719,VEN052,9000.0,Catering,2026-04-15,EMP049,EMP059,Net 30
PO0720,VEN052,9000.0,Catering,2026-04-15,EMP049,EMP082,Net 30
PO0721,VEN187,9000.0,Software Licensing,2026-04-20,EMP021,EMP046,Net 30
PO0722,VEN187,9000.0,Software Licensing,2026-04-20,EMP021,EMP027,Net 30
PO0723,VEN137,10000.0,Catering,2026-04-25,EMP090,EMP083,Net 30
PO0724,VEN137,10000.0,Catering,2026-04-25,EMP090,EMP010,Net 30
PO0725,VEN312,8000.0,IT Hardware,2026-04-30,EMP082,EMP069,Net 30
PO0726,VEN312,8000.0,IT Hardware,2026-04-30,EMP082,EMP094,Net 30
PO0727,VEN126,9000.0,Printing & Packaging,2026-05-05,EMP021,EMP049,Net 30
PO0728,VEN126,9000.0,Printing & Packaging,2026-05-05,EMP021,EMP035,Net 30
PO0729,VEN286,10000.0,IT Hardware,2026-05-10,EMP029,EMP042,Net 30
PO0730,VEN286,10000.0,IT Hardware,2026-05-10,EMP029,EMP099,Net 30
PO0731,VEN261,6363.64,Office Supplies,2026-05-01,EMP064,EMP064,Net 30
PO0732,VEN025,7292.62,Printing & Packaging,2026-05-02,EMP015,EMP015,Net 30
PO0733,VEN082,11332.4,Software Licensing,2026-05-03,EMP088,EMP088,Net 30
PO0734,VEN033,10724.29,Catering,2026-05-04,EMP050,EMP050,Net 30
PO0735,VEN240,8771.21,IT Hardware,2026-05-05,EMP068,EMP068,Net 30
PO0736,VEN284,15204.25,Catering,2026-05-06,EMP002,EMP002,Net 30
PO0737,VEN059,18271.83,Printing & Packaging,2026-05-07,EMP088,EMP088,Net 30
PO0738,VEN137,14614.43,Catering,2026-05-08,EMP099,EMP099,Net 30
PO0739,VEN058,11521.48,Catering,2026-05-09,EMP038,EMP038,Net 30
PO0740,VEN233,19307.24,Catering,2026-05-10,EMP001,EMP001,Net 30
PO0741,VEN135,16429.43,IT Hardware,2026-05-11,EMP065,EMP065,Net 30
PO0742,VEN260,18057.78,Cleaning Services,2026-05-12,EMP014,EMP014,Net 30
PO0743,VEN153,12614.94,Office Supplies,2026-05-13,EMP082,EMP082,Net 30
PO0744,VEN102,10608.71,Cleaning Services,2026-05-14,EMP020,EMP020,Net 30
PO0745,VEN083,19302.5,Printing & Packaging,2026-05-15,EMP070,EMP070,Net 30
PO0746,VEN316,24592.47,IT Hardware,2026-06-03,EMP068,EMP077,Net 30
PO0747,VEN317,22443.03,IT Hardware,2026-06-04,EMP042,EMP015,Net 30
PO0748,VEN318,24393.61,IT Hardware,2026-06-05,EMP047,EMP040,Net 30
PO0749,VEN319,20289.63,IT Hardware,2026-06-06,EMP031,EMP073,Net 30
PO0750,VEN320,20428.27,IT Hardware,2026-06-07,EMP011,EMP063,Net 30
PO0751,VEN321,24889.92,IT Hardware,2026-06-08,EMP009,EMP069,Net 30
PO0752,VEN322,20628.8,IT Hardware,2026-06-09,EMP099,EMP085,Net 30
PO0753,VEN323,24734.24,IT Hardware,2026-06-10,EMP061,EMP022,Net 30
PO0754,VEN324,22638.37,IT Hardware,2026-06-11,EMP034,EMP078,Net 30
PO0755,VEN325,24821.81,IT Hardware,2026-06-12,EMP055,EMP070,Net 30
PO0756,VEN326,23649.66,IT Hardware,2026-06-13,EMP097,EMP026,Net 30
PO0757,VEN327,21558.58,IT Hardware,2026-06-14,EMP092,EMP086,Net 30
PO0758,VEN328,21867.1,IT Hardware,2026-06-15,EMP084,EMP067,Net 30
PO0759,VEN329,20605.02,IT Hardware,2026-06-16,EMP058,EMP029,Net 30
PO0760,VEN330,21690.43,IT Hardware,2026-06-17,EMP009,EMP076,Net 30
