vendor_id,vendor_name,phone,address,bank_account,created_by_employee_id
VEN001,"Rodriguez, Figueroa and Sanchez",(518)519-6001,"386 Shane Harbors, Port Lindachester, MA 36922",GB76EGYK11615594078161,EMP004
VEN002,"Carter, Fuller and Mcclure",(993)710-3413x164,"41928 Frank Light Suite 835, East Lydiamouth, MO 35594",GB41CGSW53767242388496,EMP001
VEN003,"Ross, Robinson and Bright",671.201.2269x16697,"845 Kelly Estate, Smithview, NY 23917",GB47QDUJ89325288095701,EMP009
VEN004,Koch-Decker,430-639-1171x8227,"83465 Lam Mission Apt. 331, Andrewside, IN 77629",GB49HACW03105183473829,EMP008
VEN005,"Kennedy, Mueller and Aguirre",311.265.6670,"33387 Robert Harbors Suite 317, North Deniseside, MP 02435",GB96CYHF67736026064746,EMP008
VEN006,"Bernard, Cowan and Peters",001-272-934-3098x050,"81219 Emma Freeway, Wilsonshire, IA 76381",GB37TBTC69985435346247,EMP005
VEN007,Hickman-Walls,6794911838,"USS Suarez, FPO AA 37854",GB19FORW49808412411824,EMP004
VEN008,Jacobs-Robbins,248.274.0164,"427 Hoffman Creek, Lake Rebeccaside, AZ 48894",GB57SREN20450533158692,EMP018
VEN009,Hancock and Sons,(902)756-3421x60733,"03654 Tammy Harbors, Darlenefurt, TX 70783",GB51KADI29401965569816,EMP003
VEN010,"Lee, Williams and Graham",783.856.1595x14846,"66299 Sullivan Village, West Justinchester, WY 76520",GB97TUKO77387214895134,EMP019
VEN011,Drake and Sons,5038791769,"01632 Williams Gateway, South Dennismouth, TN 70117",GB48RTKY79868727743487,EMP014
VEN012,"Allen, Gonzales and Reeves",845.458.1223,"6587 Brown Village, Priceshire, UT 03061",GB42YSMP05466889373467,EMP002
VEN013,Price Ltd,+1-462-972-9806x99016,"5375 Juarez Light Suite 641, Smithside, AR 46371",GB20HUCY00330923271937,EMP001
VEN014,"Scott, Wood and Obrien",001-512-341-9049x6631,"919 Michael Meadow Suite 185, Port Robertfort, CT 57323",GB97LUOW26284987769453,EMP003
VEN015,Ramirez Group,479.996.5075,"4948 Zachary Field Apt. 367, Lake Thomas, VT 64833",GB09OZAC43634957885685,EMP007
VEN016,Warner-Nelson,631-335-1823x374,"52408 Joshua Center Suite 271, New Justinfort, NV 45158",GB57FBIP11671902294131,EMP008
VEN017,"Duran, Obrien and Gibbs",286.377.4964,"USNS Garrett, FPO AA 87064",GB67CFHF81206797403447,EMP017
VEN018,Mcdaniel LLC,+1-693-661-8324x2102,"464 Kim Rapid Apt. 659, Anthonybury, TX 75893",GB08SAYV49027874296717,EMP020
VEN019,Ortiz-Morris,925-367-4680,"68087 Brown Path Suite 977, East Josephberg, LA 57925",GB91WPDA93248086131712,EMP001
VEN020,Cantu-Carter,001-446-377-3782x639,"8404 Monroe Prairie Suite 278, Reedside, WV 71729",GB72MOKG39636057662702,EMP018
VEN021,"Sanford, Rivera and Garcia",818.370.2621x745,"7809 Jimmy Spur Suite 316, Port Cynthiaville, NV 22306",GB90WJAB50455623869222,EMP007
VEN022,Lynch Group,+1-637-492-3747x407,"464 Bruce Flat Suite 713, Armstrongshire, LA 92156",GB71JAVM40909743953394,EMP018
VEN023,"Campos, Saunders and Becker",(310)647-0952,"32858 Rivas Glens Suite 451, Mccartyberg, WV 30072",GB16VXVM85160481754965,EMP014
VEN024,Leonard Group,8983593174,"7113 Paul Land, Matthewsberg, FM 54880",GB39UDPT64053773515850,EMP008
VEN025,Hill-Donaldson,513.590.0532x931,"2904 Vanessa Plains, Laurenville, TN 03880",GB36EALZ39502402681177,EMP015
VEN026,Palmer-Rodriguez,939.308.4700x76617,"PSC 5921, Box 2499, APO AP 93844",GB86KMTQ47896118367365,EMP019
VEN027,Ross-Blair,465-245-2711x11615,"165 Parrish Stravenue Apt. 494, Dalehaven, IL 20781",GB33VPHD58514936899809,EMP009
VEN028,"Gallegos, Adams and White",001-345-550-2296x120,"2545 Nicole Drives Apt. 901, Scottchester, NM 80071",GB14ONIG81561497840369,EMP001
VEN029,Smith LLC,424.445.1076,"851 Hensley Canyon, Smithland, VI 41534",GB18SNSM64160529751613,EMP006
VEN030,Chapman-Warren,(745)435-2181x8835,"3292 Gregory Trail, Marshallshire, WV 76453",GB33OVSU95527177449058,EMP014
VEN031,Precision Supply Co,+1-401-984-5146,"Unit 4B, Industrial Estate, Remote City",GB00FAKE00000000000,EMP008
VEN032,Metro Business Solutions,+1-401-984-5146,"Unit 4B, Industrial Estate, Remote City",GB00FAKE00000000001,EMP008
