contract_id,vendor_id,contract_text,agreed_rate,start_date,end_date
CON001,VEN001,"The vendor shall supply IT hardware equipment at an agreed rate of ₹16165.96 per unit/order, with delivery within 15 business days of order confirmation.",16165.96,2026-02-08,2028-02-08
CON002,VEN002,"The vendor shall provide catering services at an agreed rate of ₹1112.76 per event, inclusive of setup and service charges.",1112.76,2024-12-25,2026-12-25
CON003,VEN003,"The vendor shall provide office supplies at an agreed rate of ₹7238.22 per order, payable within the agreed payment terms.",7238.22,2024-10-19,2026-10-19
CON004,VEN004,The vendor shall provide cleaning services at an agreed rate of ₹5968.66 per month.,5968.66,2026-04-28,2028-04-27
CON005,VEN005,The vendor shall provide logistics and courier services at an agreed rate of ₹18543.54 per shipment.,18543.54,2025-05-01,2027-05-01
CON006,VEN006,"The vendor shall supply IT hardware equipment at an agreed rate of ₹17079.14 per unit/order, with delivery within 15 business days of order confirmation.",17079.14,2025-04-08,2027-04-08
CON007,VEN007,The vendor shall provide software licenses at an agreed rate of ₹22358.4 per license renewal cycle.,22358.4,2025-03-22,2027-03-22
CON008,VEN010,The vendor shall provide printing and packaging materials at an agreed rate of ₹2630.0 per order.,2630.0,2025-01-16,2027-01-16
CON009,VEN012,"The vendor shall provide office supplies at an agreed rate of ₹10837.08 per order, payable within the agreed payment terms.",10837.08,2026-04-25,2028-04-24
CON010,VEN013,"The vendor shall provide catering services at an agreed rate of ₹1230.03 per event, inclusive of setup and service charges.",1230.03,2024-12-18,2026-12-18
CON011,VEN014,The vendor shall provide logistics and courier services at an agreed rate of ₹5856.63 per shipment.,5856.63,2026-03-09,2028-03-08
CON012,VEN016,"The vendor shall provide catering services at an agreed rate of ₹12881.2 per event, inclusive of setup and service charges.",12881.2,2026-04-28,2028-04-27
CON013,VEN017,The vendor shall provide logistics and courier services at an agreed rate of ₹1150.13 per shipment.,1150.13,2026-08-23,2028-08-22
CON014,VEN020,"The vendor shall provide office supplies at an agreed rate of ₹5371.52 per order, payable within the agreed payment terms.",5371.52,2025-11-27,2027-11-27
CON015,VEN021,The vendor shall provide cleaning services at an agreed rate of ₹16422.17 per month.,16422.17,2024-12-06,2026-12-06
CON016,VEN022,"The vendor shall provide catering services at an agreed rate of ₹13851.07 per event, inclusive of setup and service charges.",13851.07,2026-01-01,2028-01-01
CON017,VEN023,The vendor shall provide printing and packaging materials at an agreed rate of ₹5900.8 per order.,5900.8,2025-08-23,2027-08-23
CON018,VEN028,The vendor shall provide cleaning services at an agreed rate of ₹14937.01 per month.,14937.01,2024-10-24,2026-10-24
CON019,VEN029,The vendor shall provide cleaning services at an agreed rate of ₹20331.05 per month.,20331.05,2024-10-23,2026-10-23
CON020,VEN030,The vendor shall provide cleaning services at an agreed rate of ₹659.22 per month.,659.22,2024-12-11,2026-12-11
CON021,VEN032,The vendor shall provide cleaning services at an agreed rate of ₹20242.57 per month.,20242.57,2025-03-18,2027-03-18
CON022,VEN033,"The vendor shall provide catering services at an agreed rate of ₹17604.42 per event, inclusive of setup and service charges.",17604.42,2025-03-29,2027-03-29
CON023,VEN034,The vendor shall provide printing and packaging materials at an agreed rate of ₹8836.14 per order.,8836.14,2025-10-27,2027-10-27
CON024,VEN039,"The vendor shall provide catering services at an agreed rate of ₹4309.25 per event, inclusive of setup and service charges.",4309.25,2026-01-10,2028-01-10
CON025,VEN044,The vendor shall provide printing and packaging materials at an agreed rate of ₹23951.72 per order.,23951.72,2024-10-20,2026-10-20
CON026,VEN045,"The vendor shall provide office supplies at an agreed rate of ₹8746.57 per order, payable within the agreed payment terms.",8746.57,2025-12-09,2027-12-09
CON027,VEN046,The vendor shall provide logistics and courier services at an agreed rate of ₹2772.27 per shipment.,2772.27,2025-03-03,2027-03-03
CON028,VEN048,"The vendor shall provide catering services at an agreed rate of ₹2869.55 per event, inclusive of setup and service charges.",2869.55,2026-04-09,2028-04-08
CON029,VEN049,The vendor shall provide cleaning services at an agreed rate of ₹21263.61 per month.,21263.61,2026-02-16,2028-02-16
CON030,VEN053,The vendor shall provide logistics and courier services at an agreed rate of ₹15291.29 per shipment.,15291.29,2026-03-28,2028-03-27
CON031,VEN055,The vendor shall provide printing and packaging materials at an agreed rate of ₹20274.64 per order.,20274.64,2025-11-27,2027-11-27
CON032,VEN057,The vendor shall provide software licenses at an agreed rate of ₹18378.43 per license renewal cycle.,18378.43,2025-08-21,2027-08-21
CON033,VEN058,"The vendor shall provide catering services at an agreed rate of ₹13637.59 per event, inclusive of setup and service charges.",13637.59,2025-03-20,2027-03-20
CON034,VEN059,The vendor shall provide printing and packaging materials at an agreed rate of ₹24341.34 per order.,24341.34,2025-09-13,2027-09-13
CON035,VEN062,"The vendor shall provide office supplies at an agreed rate of ₹9774.09 per order, payable within the agreed payment terms.",9774.09,2025-12-31,2027-12-31
CON036,VEN063,The vendor shall provide software licenses at an agreed rate of ₹14025.0 per license renewal cycle.,14025.0,2025-05-04,2027-05-04
CON037,VEN065,The vendor shall provide printing and packaging materials at an agreed rate of ₹20820.41 per order.,20820.41,2026-06-20,2028-06-19
CON038,VEN069,The vendor shall provide software licenses at an agreed rate of ₹15653.73 per license renewal cycle.,15653.73,2026-08-06,2028-08-05
CON039,VEN073,"The vendor shall provide office supplies at an agreed rate of ₹21611.82 per order, payable within the agreed payment terms.",21611.82,2024-10-05,2026-10-05
CON040,VEN074,"The vendor shall provide catering services at an agreed rate of ₹14645.13 per event, inclusive of setup and service charges.",14645.13,2026-05-12,2028-05-11
CON041,VEN075,The vendor shall provide software licenses at an agreed rate of ₹17762.01 per license renewal cycle.,17762.01,2026-06-17,2028-06-16
CON042,VEN076,"The vendor shall provide office supplies at an agreed rate of ₹1622.7 per order, payable within the agreed payment terms.",1622.7,2025-02-01,2027-02-01
CON043,VEN077,The vendor shall provide cleaning services at an agreed rate of ₹6083.51 per month.,6083.51,2026-03-26,2028-03-25
CON044,VEN078,"The vendor shall supply IT hardware equipment at an agreed rate of ₹7590.01 per unit/order, with delivery within 15 business days of order confirmation.",7590.01,2025-08-24,2027-08-24
CON045,VEN079,"The vendor shall supply IT hardware equipment at an agreed rate of ₹2454.9 per unit/order, with delivery within 15 business days of order confirmation.",2454.9,2025-06-21,2027-06-21
CON046,VEN081,The vendor shall provide software licenses at an agreed rate of ₹6203.38 per license renewal cycle.,6203.38,2025-05-03,2027-05-03
CON047,VEN084,"The vendor shall provide office supplies at an agreed rate of ₹2974.54 per order, payable within the agreed payment terms.",2974.54,2025-01-28,2027-01-28
CON048,VEN087,The vendor shall provide printing and packaging materials at an agreed rate of ₹7310.35 per order.,7310.35,2025-03-16,2027-03-16
CON049,VEN088,The vendor shall provide cleaning services at an agreed rate of ₹16074.27 per month.,16074.27,2026-05-16,2028-05-15
CON050,VEN090,"The vendor shall provide office supplies at an agreed rate of ₹9438.39 per order, payable within the agreed payment terms.",9438.39,2025-06-18,2027-06-18
CON051,VEN092,The vendor shall provide logistics and courier services at an agreed rate of ₹9569.43 per shipment.,9569.43,2024-12-18,2026-12-18
CON052,VEN093,The vendor shall provide logistics and courier services at an agreed rate of ₹5632.92 per shipment.,5632.92,2024-12-11,2026-12-11
CON053,VEN094,The vendor shall provide logistics and courier services at an agreed rate of ₹7040.96 per shipment.,7040.96,2025-07-22,2027-07-22
CON054,VEN095,The vendor shall provide cleaning services at an agreed rate of ₹23448.04 per month.,23448.04,2024-12-14,2026-12-14
CON055,VEN096,The vendor shall provide printing and packaging materials at an agreed rate of ₹16376.87 per order.,16376.87,2025-07-05,2027-07-05
CON056,VEN104,"The vendor shall supply IT hardware equipment at an agreed rate of ₹15423.71 per unit/order, with delivery within 15 business days of order confirmation.",15423.71,2026-07-20,2028-07-19
CON057,VEN105,"The vendor shall provide catering services at an agreed rate of ₹4692.9 per event, inclusive of setup and service charges.",4692.9,2025-06-24,2027-06-24
CON058,VEN107,The vendor shall provide printing and packaging materials at an agreed rate of ₹18363.61 per order.,18363.61,2026-01-11,2028-01-11
CON059,VEN108,The vendor shall provide software licenses at an agreed rate of ₹4503.36 per license renewal cycle.,4503.36,2025-04-23,2027-04-23
CON060,VEN109,"The vendor shall supply IT hardware equipment at an agreed rate of ₹9796.66 per unit/order, with delivery within 15 business days of order confirmation.",9796.66,2026-06-18,2028-06-17
CON061,VEN110,The vendor shall provide printing and packaging materials at an agreed rate of ₹24743.32 per order.,24743.32,2024-11-02,2026-11-02
CON062,VEN111,"The vendor shall supply IT hardware equipment at an agreed rate of ₹16179.99 per unit/order, with delivery within 15 business days of order confirmation.",16179.99,2026-04-19,2028-04-18
CON063,VEN112,The vendor shall provide software licenses at an agreed rate of ₹14145.27 per license renewal cycle.,14145.27,2025-09-21,2027-09-21
CON064,VEN118,"The vendor shall provide catering services at an agreed rate of ₹17273.05 per event, inclusive of setup and service charges.",17273.05,2025-11-20,2027-11-20
CON065,VEN119,The vendor shall provide logistics and courier services at an agreed rate of ₹21149.87 per shipment.,21149.87,2025-01-04,2027-01-04
CON066,VEN120,The vendor shall provide software licenses at an agreed rate of ₹19512.0 per license renewal cycle.,19512.0,2026-09-16,2028-09-15
CON067,VEN121,"The vendor shall provide catering services at an agreed rate of ₹6111.68 per event, inclusive of setup and service charges.",6111.68,2025-07-21,2027-07-21
CON068,VEN122,"The vendor shall supply IT hardware equipment at an agreed rate of ₹1286.46 per unit/order, with delivery within 15 business days of order confirmation.",1286.46,2024-11-30,2026-11-30
CON069,VEN123,"The vendor shall provide catering services at an agreed rate of ₹8228.6 per event, inclusive of setup and service charges.",8228.6,2025-12-02,2027-12-02
CON070,VEN125,The vendor shall provide printing and packaging materials at an agreed rate of ₹7059.65 per order.,7059.65,2025-05-15,2027-05-15
CON071,VEN127,"The vendor shall supply IT hardware equipment at an agreed rate of ₹5669.08 per unit/order, with delivery within 15 business days of order confirmation.",5669.08,2026-07-06,2028-07-05
CON072,VEN128,"The vendor shall supply IT hardware equipment at an agreed rate of ₹23601.29 per unit/order, with delivery within 15 business days of order confirmation.",23601.29,2026-01-31,2028-01-31
CON073,VEN129,The vendor shall provide software licenses at an agreed rate of ₹21971.01 per license renewal cycle.,21971.01,2026-01-23,2028-01-23
CON074,VEN130,"The vendor shall provide catering services at an agreed rate of ₹8209.61 per event, inclusive of setup and service charges.",8209.61,2026-08-18,2028-08-17
CON075,VEN131,"The vendor shall provide catering services at an agreed rate of ₹16558.25 per event, inclusive of setup and service charges.",16558.25,2026-07-31,2028-07-30
CON076,VEN135,"The vendor shall supply IT hardware equipment at an agreed rate of ₹10192.98 per unit/order, with delivery within 15 business days of order confirmation.",10192.98,2025-07-07,2027-07-07
CON077,VEN136,The vendor shall provide printing and packaging materials at an agreed rate of ₹22906.42 per order.,22906.42,2025-12-22,2027-12-22
CON078,VEN137,"The vendor shall provide catering services at an agreed rate of ₹11741.87 per event, inclusive of setup and service charges.",11741.87,2025-02-26,2027-02-26
CON079,VEN139,"The vendor shall supply IT hardware equipment at an agreed rate of ₹6989.56 per unit/order, with delivery within 15 business days of order confirmation.",6989.56,2026-03-31,2028-03-30
CON080,VEN140,The vendor shall provide cleaning services at an agreed rate of ₹6542.37 per month.,6542.37,2024-11-23,2026-11-23
CON081,VEN142,The vendor shall provide software licenses at an agreed rate of ₹14253.52 per license renewal cycle.,14253.52,2024-11-04,2026-11-04
CON082,VEN143,"The vendor shall provide office supplies at an agreed rate of ₹6937.17 per order, payable within the agreed payment terms.",6937.17,2026-02-25,2028-02-25
CON083,VEN144,"The vendor shall provide catering services at an agreed rate of ₹14822.36 per event, inclusive of setup and service charges.",14822.36,2025-03-26,2027-03-26
CON084,VEN145,"The vendor shall provide office supplies at an agreed rate of ₹22496.66 per order, payable within the agreed payment terms.",22496.66,2026-05-23,2028-05-22
CON085,VEN148,The vendor shall provide cleaning services at an agreed rate of ₹10285.31 per month.,10285.31,2025-05-12,2027-05-12
CON086,VEN149,The vendor shall provide printing and packaging materials at an agreed rate of ₹5873.36 per order.,5873.36,2024-11-30,2026-11-30
CON087,VEN150,The vendor shall provide logistics and courier services at an agreed rate of ₹24939.67 per shipment.,24939.67,2026-07-26,2028-07-25
CON088,VEN152,The vendor shall provide printing and packaging materials at an agreed rate of ₹12983.39 per order.,12983.39,2025-03-29,2027-03-29
CON089,VEN153,"The vendor shall provide office supplies at an agreed rate of ₹2727.28 per order, payable within the agreed payment terms.",2727.28,2026-08-04,2028-08-03
CON090,VEN154,The vendor shall provide printing and packaging materials at an agreed rate of ₹1654.35 per order.,1654.35,2024-12-17,2026-12-17
CON091,VEN155,"The vendor shall provide office supplies at an agreed rate of ₹3186.4 per order, payable within the agreed payment terms.",3186.4,2025-07-22,2027-07-22
CON092,VEN157,"The vendor shall provide office supplies at an agreed rate of ₹15872.43 per order, payable within the agreed payment terms.",15872.43,2025-05-03,2027-05-03
CON093,VEN159,"The vendor shall provide catering services at an agreed rate of ₹19905.94 per event, inclusive of setup and service charges.",19905.94,2025-09-17,2027-09-17
CON094,VEN167,The vendor shall provide software licenses at an agreed rate of ₹10842.92 per license renewal cycle.,10842.92,2026-02-05,2028-02-05
CON095,VEN168,The vendor shall provide software licenses at an agreed rate of ₹2056.43 per license renewal cycle.,2056.43,2026-07-09,2028-07-08
CON096,VEN170,The vendor shall provide software licenses at an agreed rate of ₹9849.67 per license renewal cycle.,9849.67,2025-07-10,2027-07-10
CON097,VEN171,The vendor shall provide logistics and courier services at an agreed rate of ₹24904.97 per shipment.,24904.97,2025-02-03,2027-02-03
CON098,VEN173,The vendor shall provide printing and packaging materials at an agreed rate of ₹13463.3 per order.,13463.3,2025-07-14,2027-07-14
CON099,VEN177,"The vendor shall provide office supplies at an agreed rate of ₹24291.42 per order, payable within the agreed payment terms.",24291.42,2025-07-02,2027-07-02
CON100,VEN179,The vendor shall provide cleaning services at an agreed rate of ₹21589.1 per month.,21589.1,2025-03-11,2027-03-11
CON101,VEN181,The vendor shall provide software licenses at an agreed rate of ₹781.29 per license renewal cycle.,781.29,2026-03-04,2028-03-03
CON102,VEN182,"The vendor shall provide catering services at an agreed rate of ₹18157.68 per event, inclusive of setup and service charges.",18157.68,2025-04-25,2027-04-25
CON103,VEN186,"The vendor shall provide office supplies at an agreed rate of ₹17201.9 per order, payable within the agreed payment terms.",17201.9,2026-03-29,2028-03-28
CON104,VEN188,The vendor shall provide printing and packaging materials at an agreed rate of ₹13655.77 per order.,13655.77,2026-09-27,2028-09-26
CON105,VEN189,"The vendor shall provide catering services at an agreed rate of ₹7037.22 per event, inclusive of setup and service charges.",7037.22,2026-03-14,2028-03-13
CON106,VEN190,"The vendor shall provide office supplies at an agreed rate of ₹16203.56 per order, payable within the agreed payment terms.",16203.56,2026-02-15,2028-02-15
CON107,VEN192,The vendor shall provide printing and packaging materials at an agreed rate of ₹3233.03 per order.,3233.03,2024-11-24,2026-11-24
CON108,VEN193,The vendor shall provide logistics and courier services at an agreed rate of ₹11151.75 per shipment.,11151.75,2026-01-16,2028-01-16
CON109,VEN195,The vendor shall provide logistics and courier services at an agreed rate of ₹11616.23 per shipment.,11616.23,2026-02-05,2028-02-05
CON110,VEN196,The vendor shall provide cleaning services at an agreed rate of ₹23868.49 per month.,23868.49,2025-02-09,2027-02-09
CON111,VEN197,The vendor shall provide printing and packaging materials at an agreed rate of ₹21958.4 per order.,21958.4,2025-11-18,2027-11-18
CON112,VEN198,The vendor shall provide logistics and courier services at an agreed rate of ₹6953.03 per shipment.,6953.03,2026-04-19,2028-04-18
CON113,VEN200,The vendor shall provide software licenses at an agreed rate of ₹12764.36 per license renewal cycle.,12764.36,2025-04-08,2027-04-08
CON114,VEN201,The vendor shall provide logistics and courier services at an agreed rate of ₹4876.97 per shipment.,4876.97,2025-02-03,2027-02-03
CON115,VEN204,The vendor shall provide logistics and courier services at an agreed rate of ₹22859.38 per shipment.,22859.38,2025-09-24,2027-09-24
CON116,VEN206,"The vendor shall provide catering services at an agreed rate of ₹21827.7 per event, inclusive of setup and service charges.",21827.7,2025-07-21,2027-07-21
CON117,VEN211,The vendor shall provide software licenses at an agreed rate of ₹7811.9 per license renewal cycle.,7811.9,2025-04-27,2027-04-27
CON118,VEN212,"The vendor shall provide office supplies at an agreed rate of ₹16154.26 per order, payable within the agreed payment terms.",16154.26,2026-09-18,2028-09-17
CON119,VEN213,The vendor shall provide cleaning services at an agreed rate of ₹15419.77 per month.,15419.77,2026-02-09,2028-02-09
CON120,VEN214,"The vendor shall provide office supplies at an agreed rate of ₹4244.56 per order, payable within the agreed payment terms.",4244.56,2026-03-18,2028-03-17
CON121,VEN218,The vendor shall provide printing and packaging materials at an agreed rate of ₹19181.51 per order.,19181.51,2025-12-06,2027-12-06
CON122,VEN222,The vendor shall provide software licenses at an agreed rate of ₹13714.79 per license renewal cycle.,13714.79,2025-03-19,2027-03-19
CON123,VEN224,The vendor shall provide logistics and courier services at an agreed rate of ₹19576.35 per shipment.,19576.35,2026-03-15,2028-03-14
CON124,VEN227,The vendor shall provide software licenses at an agreed rate of ₹13493.66 per license renewal cycle.,13493.66,2025-06-08,2027-06-08
CON125,VEN228,The vendor shall provide software licenses at an agreed rate of ₹514.01 per license renewal cycle.,514.01,2026-07-16,2028-07-15
CON126,VEN232,"The vendor shall provide catering services at an agreed rate of ₹8441.82 per event, inclusive of setup and service charges.",8441.82,2026-05-19,2028-05-18
CON127,VEN236,The vendor shall provide printing and packaging materials at an agreed rate of ₹977.18 per order.,977.18,2026-05-25,2028-05-24
CON128,VEN237,"The vendor shall supply IT hardware equipment at an agreed rate of ₹23262.92 per unit/order, with delivery within 15 business days of order confirmation.",23262.92,2024-11-12,2026-11-12
CON129,VEN238,"The vendor shall provide office supplies at an agreed rate of ₹22028.69 per order, payable within the agreed payment terms.",22028.69,2025-03-26,2027-03-26
CON130,VEN239,The vendor shall provide cleaning services at an agreed rate of ₹20875.81 per month.,20875.81,2026-06-30,2028-06-29
CON131,VEN240,"The vendor shall supply IT hardware equipment at an agreed rate of ₹8034.1 per unit/order, with delivery within 15 business days of order confirmation.",8034.1,2024-10-24,2026-10-24
CON132,VEN241,The vendor shall provide printing and packaging materials at an agreed rate of ₹1919.17 per order.,1919.17,2026-06-17,2028-06-16
CON133,VEN242,"The vendor shall provide office supplies at an agreed rate of ₹22011.24 per order, payable within the agreed payment terms.",22011.24,2025-06-02,2027-06-02
CON134,VEN243,The vendor shall provide logistics and courier services at an agreed rate of ₹23700.26 per shipment.,23700.26,2025-08-07,2027-08-07
CON135,VEN246,The vendor shall provide software licenses at an agreed rate of ₹2598.51 per license renewal cycle.,2598.51,2025-04-25,2027-04-25
CON136,VEN247,The vendor shall provide printing and packaging materials at an agreed rate of ₹12406.77 per order.,12406.77,2024-11-20,2026-11-20
CON137,VEN248,"The vendor shall supply IT hardware equipment at an agreed rate of ₹2195.71 per unit/order, with delivery within 15 business days of order confirmation.",2195.71,2025-03-12,2027-03-12
CON138,VEN250,The vendor shall provide cleaning services at an agreed rate of ₹19134.75 per month.,19134.75,2026-09-09,2028-09-08
CON139,VEN251,The vendor shall provide software licenses at an agreed rate of ₹19262.94 per license renewal cycle.,19262.94,2025-12-14,2027-12-14
CON140,VEN253,The vendor shall provide software licenses at an agreed rate of ₹3645.59 per license renewal cycle.,3645.59,2026-08-11,2028-08-10
CON141,VEN254,The vendor shall provide printing and packaging materials at an agreed rate of ₹12144.42 per order.,12144.42,2026-04-10,2028-04-09
CON142,VEN256,"The vendor shall provide catering services at an agreed rate of ₹13970.19 per event, inclusive of setup and service charges.",13970.19,2025-06-01,2027-06-01
CON143,VEN265,The vendor shall provide printing and packaging materials at an agreed rate of ₹6993.89 per order.,6993.89,2025-03-14,2027-03-14
CON144,VEN273,"The vendor shall supply IT hardware equipment at an agreed rate of ₹21874.61 per unit/order, with delivery within 15 business days of order confirmation.",21874.61,2026-02-21,2028-02-21
CON145,VEN275,The vendor shall provide software licenses at an agreed rate of ₹10866.88 per license renewal cycle.,10866.88,2025-10-22,2027-10-22
CON146,VEN277,The vendor shall provide printing and packaging materials at an agreed rate of ₹5689.06 per order.,5689.06,2025-08-03,2027-08-03
CON147,VEN278,"The vendor shall provide catering services at an agreed rate of ₹13712.75 per event, inclusive of setup and service charges.",13712.75,2026-08-18,2028-08-17
CON148,VEN279,The vendor shall provide cleaning services at an agreed rate of ₹18383.31 per month.,18383.31,2026-09-10,2028-09-09
CON149,VEN285,"The vendor shall supply IT hardware equipment at an agreed rate of ₹5428.2 per unit/order, with delivery within 15 business days of order confirmation.",5428.2,2026-02-11,2028-02-11
CON150,VEN286,"The vendor shall supply IT hardware equipment at an agreed rate of ₹8137.05 per unit/order, with delivery within 15 business days of order confirmation.",8137.05,2025-09-21,2027-09-21
CON151,VEN289,The vendor shall provide printing and packaging materials at an agreed rate of ₹24881.16 per order.,24881.16,2025-01-18,2027-01-18
CON152,VEN291,"The vendor shall provide catering services at an agreed rate of ₹16422.01 per event, inclusive of setup and service charges.",16422.01,2025-04-23,2027-04-23
CON153,VEN292,The vendor shall provide software licenses at an agreed rate of ₹11233.45 per license renewal cycle.,11233.45,2025-01-16,2027-01-16
CON154,VEN293,"The vendor shall supply IT hardware equipment at an agreed rate of ₹13180.61 per unit/order, with delivery within 15 business days of order confirmation.",13180.61,2025-04-09,2027-04-09
CON155,VEN294,"The vendor shall provide catering services at an agreed rate of ₹3464.6 per event, inclusive of setup and service charges.",3464.6,2026-05-01,2028-04-30
CON156,VEN296,The vendor shall provide printing and packaging materials at an agreed rate of ₹6005.08 per order.,6005.08,2025-12-10,2027-12-10
CON157,VEN300,"The vendor shall supply IT hardware equipment at an agreed rate of ₹8783.1 per unit/order, with delivery within 15 business days of order confirmation.",8783.1,2025-11-22,2027-11-22
