invoice_id,rule_duplicate_invoice,rule_category_mismatch,rule_contract_rate_mismatch,rule_split_po,rule_conflict_of_interest,rule_shell_vendor,rule_expired_contract,rule_no_contract_high_value
INV0001,False,False,False,False,False,False,False,False
INV0002,False,False,False,False,False,False,False,False
INV0003,False,False,False,False,False,False,False,False
INV0004,False,False,False,False,False,False,False,False
INV0005,False,False,False,False,False,False,False,False
INV0006,False,False,False,False,False,False,False,False
INV0007,False,False,False,False,False,False,False,False
INV0008,False,False,False,False,False,False,False,False
INV0009,False,False,False,False,False,False,False,False
INV0010,False,False,False,False,False,False,False,False
INV0011,False,False,False,False,False,False,False,False
INV0012,False,False,False,False,False,False,False,False
INV0013,False,False,False,False,False,False,False,False
INV0014,False,False,False,False,False,False,False,False
INV0015,False,False,False,False,False,False,False,False
INV0016,False,False,False,False,False,False,False,False
INV0017,False,False,False,False,False,False,False,False
INV0018,False,False,False,False,False,False,False,False
INV0019,False,False,False,False,False,False,False,False
INV0020,False,False,False,False,False,False,False,False
INV0021,False,False,False,False,True,False,False,False
INV0022,False,False,False,False,False,False,False,False
INV0023,False,False,False,False,False,False,False,False
INV0024,False,False,False,False,False,False,False,False
INV0025,False,False,False,False,False,False,False,False
INV0026,False,False,False,False,False,False,False,False
INV0027,False,False,False,False,False,False,False,False
INV0028,False,False,False,False,False,False,False,False
INV0029,False,False,False,False,False,False,False,False
INV0030,False,False,False,False,False,False,False,False
INV0031,False,False,False,False,False,False,False,False
INV0032,False,False,False,False,False,False,False,False
INV0033,False,False,False,False,False,False,False,False
INV0034,False,False,False,False,False,False,False,False
INV0035,False,False,False,False,False,False,False,False
INV0036,False,False,False,False,False,False,False,False
INV0037,False,False,False,False,False,False,False,False
INV0038,False,False,False,False,False,False,False,False
INV0039,False,False,False,False,False,False,False,False
INV0040,False,False,False,False,False,False,False,False
INV0041,False,False,False,False,False,False,False,False
INV0042,False,False,False,False,False,False,False,False
INV0043,False,False,False,False,False,False,False,False
INV0044,False,False,False,False,False,False,False,True
INV0045,False,False,False,False,False,False,False,False
INV0046,False,False,False,False,False,False,False,False
INV0047,False,False,False,False,False,False,False,False
INV0048,False,False,False,False,False,False,False,False
INV0049,False,False,False,False,False,False,False,False
INV0050,False,False,False,False,False,False,False,False
INV0051,False,False,False,False,False,False,False,False
INV0052,False,True,False,False,False,False,False,False
INV0053,False,False,False,False,False,False,False,False
INV0054,False,False,False,False,False,False,False,False
INV0055,False,False,False,False,False,False,False,False
INV0056,False,False,False,False,False,False,False,False
INV0057,False,False,False,False,False,False,False,False
INV0058,False,False,False,False,False,False,False,False
INV0059,False,True,False,False,False,False,False,False
INV0060,False,True,False,False,False,False,False,False
INV0061,False,False,False,False,False,False,False,False
INV0062,False,False,False,False,False,False,False,False
INV0063,False,True,False,False,False,False,False,False
INV0064,False,False,False,False,False,False,False,False
INV0065,False,False,False,False,False,False,False,False
INV0066,False,False,False,False,False,False,False,True
INV0067,False,False,False,False,False,False,False,False
INV0068,False,False,False,False,False,False,False,True
INV0069,False,False,False,False,False,False,False,False
INV0070,False,False,False,False,False,False,False,False
INV0071,False,False,False,False,False,False,False,False
INV0072,False,False,False,False,False,False,False,True
INV0073,False,False,False,False,True,False,False,False
INV0074,False,False,False,False,False,False,False,False
INV0075,False,False,False,False,False,False,False,False
INV0076,False,False,False,False,False,False,False,False
INV0077,False,False,False,False,False,False,False,False
INV0078,False,False,False,False,False,False,False,False
INV0079,False,False,False,False,False,False,False,False
INV0080,False,False,False,False,False,False,False,False
INV0081,False,False,False,False,False,False,False,False
INV0082,False,False,False,False,False,False,False,False
INV0083,False,False,False,False,False,False,False,False
INV0084,False,False,False,False,False,False,False,True
INV0085,False,False,False,False,False,False,False,False
INV0086,False,False,False,False,False,False,False,False
INV0087,False,False,False,False,False,False,False,False
INV0088,False,False,False,False,False,False,False,False
INV0089,False,False,False,False,False,False,False,False
INV0090,False,False,False,False,False,False,False,False
INV0091,False,False,False,False,False,False,False,False
INV0092,False,False,False,False,False,False,False,False
INV0093,False,False,False,False,False,False,False,False
INV0094,False,False,False,False,False,False,False,False
INV0095,False,False,False,False,False,False,False,False
INV0096,False,False,False,False,False,False,False,False
INV0097,False,False,False,False,False,False,False,False
INV0098,False,False,False,False,False,False,False,False
INV0099,False,False,False,False,False,False,False,False
INV0100,False,False,False,False,False,False,False,False
INV0101,False,False,False,False,False,False,False,False
INV0102,False,False,False,False,False,False,False,False
INV0103,False,False,False,False,False,False,False,False
INV0104,False,False,False,False,False,False,False,False
INV0105,False,False,False,False,False,False,False,False
INV0106,False,False,False,False,False,False,False,False
INV0107,False,False,False,False,False,False,False,False
INV0108,False,False,False,False,False,False,False,False
INV0109,False,False,False,False,False,False,False,False
INV0110,False,False,False,False,False,False,False,False
INV0111,False,False,False,False,False,False,False,False
INV0112,False,False,False,False,False,False,False,False
INV0113,False,False,False,False,False,False,False,False
INV0114,False,False,False,False,False,False,False,False
INV0115,False,False,False,False,False,False,False,False
INV0116,False,False,False,False,False,False,False,False
INV0117,False,False,False,False,False,False,False,False
INV0118,False,False,False,False,False,False,False,False
INV0119,False,False,False,False,False,False,False,False
INV0120,False,False,False,False,False,False,False,False
INV0121,False,False,False,False,False,False,False,False
INV0122,False,False,False,False,False,False,False,False
INV0123,False,False,False,False,False,False,False,False
INV0124,False,False,False,False,False,False,False,False
INV0125,False,False,False,False,False,False,False,False
INV0126,False,False,False,False,False,False,False,False
INV0127,False,False,False,False,False,False,False,False
INV0128,False,False,False,False,False,False,False,False
INV0129,False,False,False,False,False,False,False,False
INV0130,False,False,False,False,False,False,False,False
INV0131,False,False,False,False,False,False,False,False
INV0132,False,False,False,False,False,False,False,False
INV0133,False,False,False,False,False,False,False,False
INV0134,False,False,False,False,False,False,False,False
INV0135,False,False,False,False,False,False,False,False
INV0136,False,False,False,False,False,False,False,False
INV0137,False,False,False,False,False,False,False,False
INV0138,False,False,False,False,False,False,False,False
INV0139,False,False,False,False,False,False,False,True
INV0140,False,False,False,False,False,False,False,False
INV0141,False,False,False,False,False,False,False,False
INV0142,False,False,False,False,False,False,False,False
INV0143,False,False,False,False,False,False,False,False
INV0144,False,False,False,False,False,False,False,False
INV0145,False,False,False,False,False,False,False,False
INV0146,False,False,False,False,False,False,False,False
INV0147,False,False,False,False,False,False,False,False
INV0148,False,False,False,False,False,False,False,False
INV0149,False,False,False,False,False,False,False,False
INV0150,False,False,False,False,False,False,False,False
INV0151,False,False,False,False,False,False,False,False
INV0152,False,False,False,False,False,False,False,False
INV0153,False,False,False,False,False,False,False,False
INV0154,False,False,False,False,False,False,False,False
INV0155,False,False,False,False,False,False,False,False
INV0156,False,False,False,False,False,False,False,False
INV0157,False,False,False,False,False,False,False,True
INV0158,False,False,False,False,False,False,False,False
INV0159,False,True,False,False,False,False,False,False
INV0160,False,False,False,False,False,False,False,False
INV0161,False,False,False,False,False,False,False,False
INV0162,False,False,False,False,False,False,False,True
INV0163,False,False,False,False,False,False,False,False
INV0164,False,False,False,False,False,False,False,False
INV0165,False,False,False,False,False,False,False,False
INV0166,False,False,False,False,False,False,False,False
INV0167,False,False,False,False,False,False,False,False
INV0168,False,False,False,False,False,False,False,False
INV0169,False,False,False,False,False,False,False,False
INV0170,False,False,False,False,False,False,False,False
INV0171,False,False,False,False,False,False,False,False
INV0172,False,False,False,False,False,False,False,False
INV0173,False,False,False,False,False,False,False,False
INV0174,False,False,False,False,False,False,False,False
INV0175,False,False,False,False,False,False,False,False
INV0176,False,False,False,False,False,False,False,False
INV0177,False,False,False,False,False,False,False,False
INV0178,False,False,False,False,False,False,False,False
INV0179,False,False,False,False,False,False,False,False
INV0180,False,False,False,False,False,False,False,False
INV0181,False,False,False,False,False,False,False,False
INV0182,False,False,False,False,False,False,False,False
INV0183,False,False,False,False,False,False,False,False
INV0184,False,False,False,False,False,False,False,False
INV0185,False,False,False,False,False,False,False,False
INV0186,False,False,False,False,False,False,False,False
INV0187,False,False,False,False,False,False,False,False
INV0188,False,False,False,False,False,False,False,False
INV0189,False,False,False,False,False,False,False,False
INV0190,False,False,False,False,False,False,False,False
INV0191,False,False,False,False,False,False,False,False
INV0192,False,False,False,False,False,False,False,False
INV0193,False,False,False,False,False,False,False,False
INV0194,False,False,False,False,False,False,False,False
INV0195,False,True,False,False,False,False,False,False
INV0196,False,False,False,False,False,False,False,False
INV0197,False,False,False,False,False,False,False,False
INV0198,False,False,False,False,False,False,False,False
INV0199,False,False,False,False,False,False,False,True
INV0200,False,False,False,False,False,False,False,False
INV0201,False,False,False,False,False,False,False,False
INV0202,False,False,False,False,False,False,False,False
INV0203,False,False,False,False,False,False,False,False
INV0204,False,False,False,False,False,False,False,False
INV0205,False,False,False,False,False,False,False,False
INV0206,False,False,False,False,False,False,False,False
INV0207,False,False,False,False,False,False,False,True
INV0208,False,False,False,False,False,False,False,False
INV0209,False,False,False,False,False,False,False,False
INV0210,False,False,False,False,False,False,False,False
INV0211,False,False,False,False,False,False,False,False
INV0212,False,False,False,False,False,False,False,False
INV0213,False,False,False,False,False,False,False,False
INV0214,False,False,False,False,False,False,False,False
INV0215,False,False,False,False,False,False,False,False
INV0216,False,False,False,False,True,False,False,False
INV0217,False,False,False,False,False,False,False,False
INV0218,False,False,False,False,False,False,False,False
INV0219,False,False,False,False,False,False,False,False
INV0220,False,False,False,False,False,False,False,False
INV0221,False,False,False,False,False,False,False,False
INV0222,False,False,False,False,False,False,False,False
INV0223,False,True,False,False,False,False,False,False
INV0224,False,False,False,False,False,False,False,False
INV0225,False,False,False,False,False,False,False,False
INV0226,False,False,False,False,False,False,False,False
INV0227,False,False,False,False,False,False,False,False
INV0228,False,False,False,False,False,False,False,False
INV0229,False,False,False,False,False,False,False,False
INV0230,False,False,False,False,False,False,False,False
INV0231,False,False,False,False,False,False,False,False
INV0232,False,False,False,False,False,False,False,False
INV0233,False,False,False,False,False,False,False,False
INV0234,False,False,False,False,False,False,False,False
INV0235,False,False,False,False,False,False,False,False
INV0236,False,False,False,False,False,False,False,False
INV0237,False,False,False,False,False,False,False,False
INV0238,False,False,False,False,False,False,False,False
INV0239,False,False,False,False,False,False,False,False
INV0240,False,False,False,False,False,False,False,False
INV0241,False,False,False,False,False,False,False,False
INV0242,False,False,False,False,False,False,False,False
INV0243,False,False,False,False,False,False,False,False
INV0244,False,False,False,False,False,False,False,False
INV0245,False,False,False,False,False,False,False,False
INV0246,False,False,False,False,False,False,False,False
INV0247,False,False,False,False,False,False,False,False
INV0248,False,False,False,False,False,False,False,False
INV0249,False,False,False,False,False,False,False,False
INV0250,False,False,False,False,False,False,False,False
INV0251,False,False,False,False,False,False,False,False
INV0252,False,False,False,False,False,False,False,False
INV0253,False,False,False,False,False,False,False,False
INV0254,False,False,False,False,False,False,False,False
INV0255,False,False,False,False,False,False,False,False
INV0256,False,False,False,False,False,False,False,False
INV0257,False,False,False,False,False,False,False,False
INV0258,False,False,False,False,False,False,False,False
INV0259,False,False,False,False,False,False,False,False
INV0260,False,False,False,False,False,False,False,False
INV0261,False,False,False,False,False,False,False,False
INV0262,False,False,False,False,False,False,False,False
INV0263,False,False,False,False,False,False,False,False
INV0264,False,False,False,False,False,False,False,False
INV0265,False,False,False,False,False,False,False,False
INV0266,False,False,False,False,False,False,False,False
INV0267,False,False,False,False,False,False,False,False
INV0268,False,False,False,False,False,False,False,False
INV0269,False,False,False,False,False,False,False,False
INV0270,False,False,False,False,False,False,False,False
INV0271,False,False,False,False,False,False,False,False
INV0272,False,False,False,False,False,False,False,False
INV0273,False,False,False,False,False,False,False,False
INV0274,False,False,False,False,False,False,False,True
INV0275,False,False,False,False,False,False,False,False
INV0276,False,False,False,False,False,False,False,False
INV0277,False,False,False,False,False,False,False,False
INV0278,False,False,False,False,False,False,False,False
INV0279,False,False,False,False,False,False,False,False
INV0280,False,False,False,False,False,False,False,False
INV0281,False,False,False,False,False,False,False,False
INV0282,False,False,False,False,False,False,False,False
INV0283,False,False,False,False,False,False,False,False
INV0284,False,False,False,False,False,False,False,False
INV0285,False,False,False,False,False,False,False,False
INV0286,False,False,False,False,False,False,False,False
INV0287,False,False,False,False,False,False,False,False
INV0288,False,False,False,False,False,False,False,False
INV0289,False,False,False,False,False,False,False,False
INV0290,False,False,False,False,False,False,False,False
INV0291,False,False,False,False,False,False,False,False
INV0292,False,False,False,False,False,False,False,False
INV0293,False,False,False,False,False,False,False,False
INV0294,False,False,False,False,False,False,False,False
INV0295,False,False,False,False,True,False,False,False
INV0296,False,False,False,False,False,False,False,False
INV0297,False,False,False,False,False,False,False,False
INV0298,False,False,False,False,False,False,False,False
INV0299,False,False,False,False,False,False,False,False
INV0300,False,False,False,False,False,False,False,False
INV0301,False,False,False,False,False,False,False,False
INV0302,False,False,False,False,False,False,False,False
INV0303,False,False,False,False,False,False,False,False
INV0304,False,True,False,False,False,False,False,False
INV0305,False,False,False,False,False,False,False,False
INV0306,False,False,False,False,False,False,False,False
INV0307,False,False,False,False,False,False,False,False
INV0308,False,False,False,False,False,False,False,False
INV0309,False,False,False,False,False,False,False,False
INV0310,False,False,False,False,False,False,False,False
INV0311,False,False,False,False,False,False,False,False
INV0312,False,False,False,False,False,False,False,False
INV0313,False,False,False,False,False,False,False,False
INV0314,False,False,False,False,False,False,False,False
INV0315,False,False,False,False,False,False,False,False
INV0316,False,False,False,False,False,False,False,False
INV0317,False,False,False,False,False,False,False,True
INV0318,False,False,False,False,False,False,False,False
INV0319,False,False,False,False,False,False,False,False
INV0320,False,False,False,False,False,False,False,False
INV0321,False,False,False,False,False,False,False,False
INV0322,False,True,False,False,False,False,False,False
INV0323,False,False,False,False,False,False,False,False
INV0324,False,False,False,False,False,False,False,False
INV0325,False,False,False,False,False,False,False,False
INV0326,False,False,False,False,False,False,False,False
INV0327,False,False,False,False,False,False,False,False
INV0328,False,False,False,False,False,False,False,False
INV0329,False,False,False,False,False,False,False,False
INV0330,False,False,False,False,False,False,False,False
INV0331,False,False,False,False,False,False,False,False
INV0332,False,False,False,False,False,False,False,False
INV0333,False,False,False,False,False,False,False,False
INV0334,False,False,False,False,False,False,False,False
INV0335,False,False,False,False,False,False,False,False
INV0336,False,False,False,False,False,False,False,False
INV0337,False,False,False,False,False,False,False,False
INV0338,False,False,False,False,False,False,False,False
INV0339,False,False,False,False,False,False,False,False
INV0340,False,False,False,False,False,False,False,False
INV0341,False,False,False,False,False,False,False,False
INV0342,False,False,False,False,False,False,False,False
INV0343,False,False,False,False,False,False,False,False
INV0344,False,False,False,False,False,False,False,False
INV0345,False,False,False,False,False,False,False,False
INV0346,False,False,False,False,False,False,False,False
INV0347,False,False,False,False,False,False,False,False
INV0348,False,False,False,False,False,False,False,False
INV0349,False,False,False,False,False,False,False,False
INV0350,False,False,False,False,False,False,False,False
INV0351,False,False,False,False,False,False,False,False
INV0352,False,False,False,False,False,False,False,False
INV0353,False,False,False,False,False,False,False,False
INV0354,False,False,False,False,False,False,False,False
INV0355,False,False,False,False,False,False,False,False
INV0356,False,False,False,False,False,False,False,False
INV0357,False,False,False,False,False,False,False,False
INV0358,False,False,False,False,False,False,False,False
INV0359,False,False,False,False,False,False,False,False
INV0360,False,False,False,False,False,False,False,False
INV0361,False,False,False,False,False,False,False,False
INV0362,False,False,False,False,False,False,False,False
INV0363,False,False,False,False,False,False,False,False
INV0364,False,False,False,False,False,False,False,False
INV0365,False,False,False,False,False,False,False,True
INV0366,False,False,False,False,False,False,False,False
INV0367,False,False,False,False,False,False,False,False
INV0368,False,False,False,False,False,False,False,False
INV0369,False,False,False,False,False,False,False,False
INV0370,False,False,False,False,False,False,False,False
INV0371,False,False,False,False,False,False,False,False
INV0372,False,False,False,False,False,False,False,True
INV0373,False,False,False,False,False,False,False,False
INV0374,False,False,False,False,False,False,False,False
INV0375,False,False,False,False,False,False,False,False
INV0376,False,False,False,False,False,False,False,True
INV0377,False,False,False,False,False,False,False,False
INV0378,False,False,False,False,False,False,False,False
INV0379,False,False,False,False,False,False,False,False
INV0380,False,False,False,False,False,False,False,False
INV0381,False,False,False,False,False,False,False,False
INV0382,False,False,False,False,False,False,False,False
INV0383,False,False,False,False,False,False,False,False
INV0384,False,False,False,False,False,False,False,False
INV0385,False,False,False,False,False,False,False,False
INV0386,False,False,False,False,False,False,False,False
INV0387,False,False,False,False,False,False,False,False
INV0388,False,False,False,False,False,False,False,False
INV0389,False,False,False,False,False,False,False,False
INV0390,False,False,False,False,False,False,False,False
INV0391,False,False,False,False,False,False,False,False
INV0392,False,False,False,False,False,False,False,False
INV0393,False,False,False,False,False,False,False,False
INV0394,False,False,False,False,False,False,False,False
INV0395,False,False,False,False,False,False,False,False
INV0396,False,False,False,False,False,False,False,False
INV0397,False,False,False,False,False,False,False,False
INV0398,False,False,False,False,False,False,False,False
INV0399,False,False,False,False,False,False,False,False
INV0400,False,False,False,False,False,False,False,False
INV0401,False,False,False,False,False,False,False,False
INV0402,False,False,False,False,False,False,False,False
INV0403,False,False,False,False,False,False,False,False
INV0404,False,False,False,False,False,False,False,False
INV0405,False,False,False,False,False,False,False,False
INV0406,False,False,False,False,False,False,False,False
INV0407,False,False,False,False,False,False,False,False
INV0408,False,False,False,False,False,False,False,False
INV0409,False,False,False,False,False,False,False,False
INV0410,False,False,False,False,False,False,False,False
INV0411,False,False,False,False,False,False,False,False
INV0412,False,False,False,False,False,False,False,False
INV0413,False,False,False,False,False,False,False,False
INV0414,False,False,False,False,False,False,False,False
INV0415,False,False,False,False,False,False,False,False
INV0416,False,False,False,False,False,False,False,False
INV0417,False,False,False,False,False,False,False,False
INV0418,False,False,False,False,False,False,False,False
INV0419,False,False,False,False,False,False,False,False
INV0420,False,False,False,False,False,False,False,False
INV0421,False,False,False,False,False,False,False,False
INV0422,False,False,False,False,False,False,False,False
INV0423,False,False,False,False,False,False,False,False
INV0424,False,False,False,False,False,False,False,False
INV0425,False,False,False,False,False,False,False,False
INV0426,False,False,False,False,False,False,False,False
INV0427,False,False,False,False,False,False,False,False
INV0428,False,False,False,False,False,False,False,False
INV0429,False,False,False,False,False,False,False,False
INV0430,False,False,False,False,False,False,False,False
INV0431,False,False,False,False,False,False,False,False
INV0432,False,False,False,False,False,False,False,False
INV0433,False,False,False,False,False,False,False,False
INV0434,False,False,False,False,False,False,False,False
INV0435,False,False,False,False,False,False,False,False
INV0436,False,False,False,False,False,False,False,False
INV0437,False,False,False,False,False,False,False,False
INV0438,False,False,False,False,False,False,False,False
INV0439,False,False,False,False,False,False,False,False
INV0440,False,False,False,False,False,False,False,False
INV0441,False,False,False,False,False,False,False,False
INV0442,False,False,False,False,False,False,False,False
INV0443,False,False,False,False,False,False,False,False
INV0444,False,False,False,False,False,False,False,False
INV0445,False,False,False,False,False,False,False,False
INV0446,False,False,False,False,False,False,False,False
INV0447,False,False,False,False,False,False,False,False
INV0448,False,False,False,False,False,False,False,False
INV0449,False,False,False,False,False,False,False,False
INV0450,False,False,False,False,False,False,False,False
INV0451,False,False,False,False,False,False,False,False
INV0452,False,False,False,False,False,False,False,False
INV0453,False,False,False,False,False,False,False,False
INV0454,False,False,False,False,False,False,False,False
INV0455,False,False,False,False,False,False,False,False
INV0456,False,False,False,False,False,False,False,False
INV0457,False,False,False,False,False,False,False,False
INV0458,False,False,False,False,False,False,False,False
INV0459,False,False,False,False,False,False,False,False
INV0460,False,False,False,False,False,False,False,False
INV0461,False,False,False,False,False,False,False,False
INV0462,False,False,False,False,False,False,False,False
INV0463,False,False,False,False,False,False,False,False
INV0464,False,False,False,False,False,False,False,False
INV0465,False,False,False,False,False,False,False,False
INV0466,False,False,False,False,False,False,False,False
INV0467,False,False,False,False,False,False,False,False
INV0468,False,False,False,False,False,False,False,False
INV0469,False,False,False,False,False,False,False,False
INV0470,False,False,False,False,False,False,False,False
INV0471,False,False,False,False,False,False,False,False
INV0472,False,False,False,False,False,False,False,False
INV0473,False,False,False,False,False,False,False,False
INV0474,False,False,False,False,False,False,False,False
INV0475,False,False,False,False,False,False,False,False
INV0476,False,False,False,False,False,False,False,False
INV0477,False,False,False,False,False,False,False,False
INV0478,False,False,False,False,False,False,False,False
INV0479,False,False,False,False,False,False,False,False
INV0480,False,False,False,False,False,False,False,False
INV0481,False,False,False,False,False,False,False,False
INV0482,False,False,False,False,False,False,False,False
INV0483,False,False,False,False,False,False,False,False
INV0484,False,False,False,False,False,False,False,False
INV0485,False,False,False,False,False,False,False,False
INV0486,False,False,False,False,False,False,False,False
INV0487,False,False,False,False,False,False,False,False
INV0488,False,False,False,False,False,False,False,False
INV0489,False,False,False,False,False,False,False,False
INV0490,False,False,False,False,False,False,False,False
INV0491,False,False,False,False,False,False,False,False
INV0492,False,False,False,False,False,False,False,False
INV0493,False,False,False,False,False,False,False,False
INV0494,False,False,False,False,False,False,False,False
INV0495,False,False,False,False,False,False,False,False
INV0496,False,False,False,False,False,False,False,False
INV0497,False,False,False,False,False,False,False,False
INV0498,False,False,False,False,False,False,False,False
INV0499,False,True,False,False,False,False,False,False
INV0500,False,False,False,False,False,False,False,False
INV0501,False,False,False,False,False,False,False,False
INV0502,False,False,False,False,False,False,False,False
INV0503,False,False,False,False,False,False,False,False
INV0504,False,False,False,False,False,False,False,False
INV0505,False,False,False,False,False,False,False,False
INV0506,False,False,False,False,False,False,False,False
INV0507,False,False,False,False,False,False,False,False
INV0508,False,False,False,False,False,False,False,False
INV0509,False,False,False,False,False,False,False,False
INV0510,False,False,False,False,False,False,False,False
INV0511,False,False,False,False,False,False,False,False
INV0512,False,False,False,False,False,False,False,False
INV0513,False,False,False,False,False,False,False,False
INV0514,False,False,False,False,False,False,False,True
INV0515,False,False,False,False,False,False,False,False
INV0516,False,False,False,False,False,False,False,False
INV0517,False,False,False,False,False,False,False,False
INV0518,False,False,False,False,False,False,False,False
INV0519,False,False,False,False,False,False,False,False
INV0520,False,False,False,False,False,False,False,False
INV0521,False,False,False,False,False,False,False,False
INV0522,False,False,False,False,False,False,False,False
INV0523,False,False,False,False,False,False,False,False
INV0524,False,False,False,False,False,False,False,False
INV0525,False,False,False,False,False,False,False,False
INV0526,False,False,False,False,False,False,False,False
INV0527,False,False,False,False,False,False,False,False
INV0528,False,False,False,False,False,False,False,False
INV0529,False,False,False,False,False,False,False,False
INV0530,False,False,False,False,False,False,False,False
INV0531,False,False,False,False,False,False,False,False
INV0532,False,False,False,False,False,False,False,False
INV0533,False,False,False,False,False,False,False,False
INV0534,False,False,False,False,False,False,False,False
INV0535,False,False,False,False,False,False,False,False
INV0536,False,False,False,False,False,False,False,False
INV0537,False,False,False,False,False,False,False,False
INV0538,False,False,False,False,False,False,False,False
INV0539,False,False,False,False,False,False,False,False
INV0540,False,False,False,False,False,False,False,False
INV0541,False,False,False,False,False,False,False,False
INV0542,False,False,False,False,False,False,False,False
INV0543,False,False,False,False,False,False,False,False
INV0544,False,False,False,False,False,False,False,False
INV0545,False,False,False,False,False,False,False,False
INV0546,False,False,False,False,False,False,False,True
INV0547,False,False,False,False,False,False,False,False
INV0548,False,False,False,False,False,False,False,False
INV0549,False,False,False,False,False,False,False,False
INV0550,False,False,False,False,False,False,False,False
INV0551,False,False,False,False,False,False,False,False
INV0552,False,False,False,False,False,False,False,False
INV0553,False,False,False,False,False,False,False,False
INV0554,False,False,False,False,False,False,False,True
INV0555,False,False,False,False,False,False,False,False
INV0556,False,True,False,False,False,False,False,False
INV0557,False,False,False,False,False,False,False,False
INV0558,False,False,False,False,False,False,False,False
INV0559,False,False,False,False,False,False,False,False
INV0560,False,False,False,False,False,False,False,False
INV0561,False,False,False,False,False,False,False,False
INV0562,False,False,False,False,False,False,False,False
INV0563,False,False,False,False,False,False,False,False
INV0564,False,False,False,False,False,False,False,False
INV0565,False,False,False,False,False,False,False,True
INV0566,False,False,False,False,False,False,False,False
INV0567,False,False,False,False,False,False,False,False
INV0568,False,False,False,False,False,False,False,False
INV0569,False,False,False,False,False,False,False,False
INV0570,False,True,False,False,False,False,False,False
INV0571,False,False,False,False,False,False,False,False
INV0572,False,False,False,False,False,False,False,False
INV0573,False,False,False,False,False,False,False,False
INV0574,False,False,False,False,False,False,False,False
INV0575,False,False,False,False,False,False,False,False
INV0576,False,False,False,False,False,False,False,False
INV0577,False,False,False,False,False,False,False,False
INV0578,False,False,False,False,False,False,False,False
INV0579,False,False,False,False,False,False,False,True
INV0580,False,False,False,False,False,False,False,False
INV0581,False,False,False,False,False,False,False,False
INV0582,False,False,False,False,False,False,False,False
INV0583,False,False,False,False,False,False,False,False
INV0584,False,False,False,False,False,False,False,False
INV0585,False,False,False,False,False,False,False,False
INV0586,False,False,False,False,False,False,False,False
INV0587,False,False,False,False,False,False,False,False
INV0588,False,False,False,False,False,False,False,False
INV0589,False,False,False,False,False,False,False,False
INV0590,False,False,False,False,False,False,False,False
INV0591,False,False,False,False,False,False,False,False
INV0592,False,False,False,False,False,False,False,False
INV0593,False,False,False,False,False,False,False,False
INV0594,False,True,False,False,False,False,False,False
INV0595,False,False,False,False,False,False,False,False
INV0596,False,False,False,False,False,False,False,False
INV0597,False,False,False,False,False,False,False,False
INV0598,False,False,False,False,False,False,False,False
INV0599,False,True,False,False,False,False,False,False
INV0600,False,False,False,False,False,False,False,False
INV0601,False,False,False,False,False,False,False,False
INV0602,False,False,False,False,False,False,False,False
INV0603,False,False,False,False,False,False,False,False
INV0604,False,False,False,False,False,False,False,False
INV0605,False,False,False,False,False,False,False,False
INV0606,False,False,False,False,False,False,False,False
INV0607,False,False,False,False,False,False,False,False
INV0608,False,False,False,False,False,False,False,False
INV0609,False,False,False,False,False,False,False,False
INV0610,False,False,False,False,False,False,False,False
INV0611,False,False,False,False,False,False,False,False
INV0612,False,False,False,False,False,False,False,False
INV0613,False,False,False,False,False,False,False,False
INV0614,False,False,False,False,False,False,False,False
INV0615,False,False,False,False,False,False,False,False
INV0616,False,False,False,False,False,False,False,False
INV0617,False,False,False,False,False,False,False,False
INV0618,False,False,False,False,False,False,False,False
INV0619,False,False,False,False,False,False,False,False
INV0620,False,False,False,False,False,False,False,False
INV0621,False,False,False,False,False,False,False,False
INV0622,False,False,False,False,False,False,False,False
INV0623,False,False,False,False,False,False,False,True
INV0624,False,False,False,False,False,False,False,False
INV0625,False,False,False,False,False,False,False,False
INV0626,False,False,False,False,False,False,False,False
INV0627,False,False,False,False,False,False,False,False
INV0628,False,False,False,False,False,False,False,False
INV0629,False,False,False,False,False,False,False,False
INV0630,False,False,False,False,False,False,False,False
INV0631,False,False,False,False,False,False,False,False
INV0632,False,False,False,False,False,False,False,False
INV0633,False,False,False,False,False,False,False,False
INV0634,False,False,False,False,False,False,False,True
INV0635,False,False,False,False,False,False,False,False
INV0636,False,False,False,False,False,False,False,False
INV0637,False,False,False,False,False,False,False,False
INV0638,False,False,False,False,False,False,False,False
INV0639,False,False,False,False,False,False,False,False
INV0640,False,False,False,False,False,False,False,False
INV0641,False,False,False,False,False,False,False,False
INV0642,False,False,False,False,False,False,False,False
INV0643,False,False,False,False,False,False,False,False
INV0644,False,False,False,False,False,False,False,False
INV0645,False,False,False,False,False,False,False,False
INV0646,False,False,False,False,False,False,False,False
INV0647,False,False,False,False,False,False,False,False
INV0648,False,False,False,False,False,False,False,False
INV0649,False,False,False,False,False,False,False,False
INV0650,False,False,False,False,False,False,False,False
INV0651,True,False,False,False,False,False,False,False
INV0652,True,False,False,False,False,False,False,False
INV0653,True,False,False,False,False,False,False,False
INV0654,True,False,False,False,False,False,False,False
INV0655,True,False,False,False,False,False,False,False
INV0656,True,False,False,False,False,False,False,False
INV0657,True,False,False,False,False,False,False,True
INV0658,True,False,False,False,False,False,False,False
INV0659,True,False,False,False,False,False,False,False
INV0660,True,False,False,False,False,False,False,False
INV0661,True,False,False,False,False,False,False,False
INV0662,True,False,False,False,False,False,False,False
INV0663,True,False,False,False,False,False,False,False
INV0664,True,False,False,False,False,False,False,False
INV0665,True,False,False,False,False,False,False,False
INV0666,False,False,True,False,False,False,False,False
INV0667,False,False,True,False,False,False,False,False
INV0668,False,False,True,False,False,False,False,False
INV0669,False,False,True,False,False,False,False,False
INV0670,False,False,True,False,False,False,False,False
INV0671,False,False,True,False,False,False,False,False
INV0672,False,False,True,False,False,False,False,False
INV0673,False,False,True,False,False,False,False,False
INV0674,False,False,True,False,False,False,False,False
INV0675,False,False,True,False,False,False,False,False
INV0676,False,False,True,False,False,False,False,False
INV0677,False,False,True,False,False,False,False,False
INV0678,False,True,True,False,False,False,False,False
INV0679,False,False,True,False,False,False,False,False
INV0680,False,False,True,False,False,False,False,False
